{"eval/mae": 0.21336324512958527, "eval/esr": 1.824251413345337, "eval/dc": 0.0010392817202955484, "eval/mrstft": 1.945042610168457, "eval/rtf": 0.0012587890625, "_timestamp": 1708971297.9423778, "_runtime": 1.9112718105316162, "_step": 0, "_wandb": {"runtime": 1}}