{"eval/mae": 0.13633212447166443, "eval/esr": 0.7915000319480896, "eval/dc": 5.225609493209049e-05, "eval/mrstft": 1.477964997291565, "eval/rtf": 0.0330272265625, "_timestamp": 1710548609.642396, "_runtime": 47.71291494369507, "_step": 0, "_wandb": {"runtime": 46}}