{"eval/mae": 0.21260862052440643, "eval/esr": 1.8464553356170654, "eval/dc": 0.00014857824135106057, "eval/mrstft": 1.6155508756637573, "eval/rtf": 0.348543158499524, "_timestamp": 1711307787.1109989, "_runtime": 9.803959846496582, "_step": 0, "_wandb": {"runtime": 9}}