{"eval/mae": 0.06806110612609807, "eval/esr": 0.6986561663010541, "eval/dc": 4.152777209503042e-05, "eval/mrstft": 0.54206541706534, "eval/rtf": 0.0015782058823529416, "_timestamp": 1701802004.9996798, "_runtime": 48.5900137424469, "_step": 0, "_wandb": {"runtime": 47}}