{"eval/mae": 0.08706790351254098, "eval/esr": 0.8252416919259464, "eval/dc": 0.00013103106948619825, "eval/mrstft": 0.7304997286375832, "eval/rtf": 0.18048979963235287, "_timestamp": 1701111012.709706, "_runtime": 181.5483820438385, "_step": 0, "_wandb": {"runtime": 180}}