{"eval/mae": 0.11828088480979204, "eval/esr": 1.1570889875292778, "eval/dc": 0.00021034230121586006, "eval/mrstft": 1.4271649271249771, "eval/rtf": 0.26794285351562497, "_timestamp": 1710547538.364013, "_runtime": 204.27197790145874, "_step": 0, "_wandb": {"runtime": 203}}