{"eval/mae": 0.18339793384075165, "eval/esr": 1.2113356590270996, "eval/dc": 0.0003555172588676214, "eval/mrstft": 1.9251608848571777, "eval/rtf": 0.003865515625, "_timestamp": 1710090635.4701588, "_runtime": 4.9032158851623535, "_step": 0, "_wandb": {"runtime": 4}}