{"eval/mae": 0.1994515061378479, "eval/esr": 1.620793342590332, "eval/dc": 0.00016025942750275135, "eval/mrstft": 1.0964252948760986, "eval/rtf": 0.23857398552354425, "_timestamp": 1711307873.7141445, "_runtime": 8.70079255104065, "_step": 0, "_wandb": {"runtime": 8}}