{"eval/mae": 0.21260862052440643, "eval/esr": 1.8464553356170654, "eval/dc": 0.00014857824135106057, "eval/mrstft": 1.6155508756637573, "eval/rtf": 0.002193578125, "_timestamp": 1710029075.4782238, "_runtime": 3.877171754837036, "_step": 0, "_wandb": {"runtime": 3}}