{"eval/mae": 0.11404430400580168, "eval/esr": 1.0575211867690086, "eval/dc": 1.4259646832215367e-05, "eval/mrstft": 1.0804413259029388, "eval/rtf": 0.05709403125, "_timestamp": 1711303110.9097319, "_runtime": 12.610314846038818, "_step": 0, "_wandb": {"runtime": 12}}