{"eval/mae": 0.11828088480979204, "eval/esr": 1.1570889875292778, "eval/dc": 0.00021034230121586006, "eval/mrstft": 1.4271649271249771, "eval/rtf": 0.228664314453125, "_timestamp": 1710872752.8585851, "_runtime": 171.4142200946808, "_step": 0, "_wandb": {"runtime": 170}}