{"eval/mae": 0.11404430400580168, "eval/esr": 1.0575211867690086, "eval/dc": 1.4259646832215367e-05, "eval/mrstft": 1.0804413259029388, "eval/rtf": 0.07044715365918819, "_timestamp": 1711307684.4983132, "_runtime": 13.210062265396118, "_step": 0, "_wandb": {"runtime": 12}}