{"eval/mae": 0.09989294545216994, "eval/esr": 0.9273393533446572, "eval/dc": 0.00020640160205816343, "eval/mrstft": 0.8752133412794634, "eval/rtf": 0.0005009261363636364, "_timestamp": 1708971518.7896404, "_runtime": 2.974527359008789, "_step": 0, "_wandb": {"runtime": 2}}