{"eval/mae": 0.09577771089971066, "eval/esr": 0.8008032962679863, "eval/dc": 0.0001140233434853144, "eval/mrstft": 0.9017282128334045, "eval/rtf": 0.002398671875, "_timestamp": 1710090741.476656, "_runtime": 15.572705030441284, "_step": 0, "_wandb": {"runtime": 13}}