{"eval/mae": 0.1537852142663563, "eval/esr": 1.8333177356158985, "eval/dc": 6.270138400770306e-05, "eval/mrstft": 0.985836923122406, "eval/rtf": 0.005712738970588237, "_timestamp": 1701934466.2970812, "_runtime": 12.632628202438354, "_step": 0, "_wandb": {"runtime": 12}}