{"eval/mae": 0.10088604557163575, "eval/esr": 0.8477339604321648, "eval/dc": 6.110184200652464e-05, "eval/mrstft": 0.9793512645889731, "eval/rtf": 0.0032132040441176474, "_timestamp": 1709017025.4432974, "_runtime": 8.444718360900879, "_step": 0, "_wandb": {"runtime": 7}}