{"eval/mae": 0.1140443067997694, "eval/esr": 1.057521216571331, "eval/dc": 1.4258872624850483e-05, "eval/mrstft": 1.0804505050182343, "eval/rtf": 0.109703669921875, "_timestamp": 1710873400.0414321, "_runtime": 112.47024917602539, "_step": 0, "_wandb": {"runtime": 111}}