{"eval/mae": 0.09577771462500095, "eval/esr": 0.8008032962679863, "eval/dc": 0.00011402307291064062, "eval/mrstft": 0.9017344117164612, "eval/rtf": 0.19474936328125, "_timestamp": 1710548988.181847, "_runtime": 166.83283305168152, "_step": 0, "_wandb": {"runtime": 166}}