{"eval/mae": 0.08545338176190853, "eval/esr": 0.716783944517374, "eval/dc": 0.00014047300510355853, "eval/mrstft": 0.7388318106532097, "eval/rtf": 0.02675494528375566, "_timestamp": 1711307481.4078326, "_runtime": 10.983797550201416, "_step": 0, "_wandb": {"runtime": 10}}