{"eval/mae": 0.22114235162734985, "eval/esr": 2.005861282348633, "eval/dc": 0.00010470705456100404, "eval/mrstft": 1.645613670349121, "eval/rtf": 0.123534, "_timestamp": 1711302542.306927, "_runtime": 7.682179927825928, "_step": 0, "_wandb": {"runtime": 7}}