{"eval/mae": 0.1447414755821228, "eval/esr": 0.8978694677352905, "eval/dc": 0.00026857497869059443, "eval/mrstft": 0.9563137888908386, "eval/rtf": 0.003231921875, "_timestamp": 1710090416.0784578, "_runtime": 5.592829942703247, "_step": 0, "_wandb": {"runtime": 5}}