{"eval/mae": 0.18339790403842926, "eval/esr": 1.2113357782363892, "eval/dc": 0.0003555170551408082, "eval/mrstft": 1.9251617193222046, "eval/rtf": 0.0251403984375, "_timestamp": 1710548407.506667, "_runtime": 29.254931926727295, "_step": 0, "_wandb": {"runtime": 28}}