{"eval/mae": 0.08711171851438634, "eval/esr": 0.7261478725601646, "eval/dc": 0.00011845044408640687, "eval/mrstft": 0.735245967612547, "eval/rtf": 0.0003939246323529412, "_timestamp": 1709016981.1774697, "_runtime": 2.5446596145629883, "_step": 0, "_wandb": {"runtime": 1}}