{"eval/mae": 0.19198346138000488, "eval/esr": 1.3705644607543945, "eval/dc": 4.080517101101577e-05, "eval/mrstft": 1.6574203968048096, "eval/rtf": 0.0016449765625, "_timestamp": 1710028820.7817912, "_runtime": 5.716013193130493, "_step": 0, "_wandb": {"runtime": 4}}