{"eval/mae": 0.12367169931530952, "eval/esr": 1.4083882197737694, "eval/dc": 0.00011897416970896302, "eval/mrstft": 0.9903695583343506, "eval/rtf": 0.054537705078125005, "_timestamp": 1710873238.708864, "_runtime": 84.72873091697693, "_step": 0, "_wandb": {"runtime": 83}}