{"eval/mae": 0.1363319754600525, "eval/esr": 0.791495680809021, "eval/dc": 5.225068161962554e-05, "eval/mrstft": 1.4773473739624023, "eval/rtf": 0.144876, "_timestamp": 1711303174.0181727, "_runtime": 8.557345628738403, "_step": 0, "_wandb": {"runtime": 7}}