{"eval/mae": 0.055891686283490234, "eval/esr": 0.39812250435352325, "eval/dc": 4.830551552004181e-05, "eval/mrstft": 0.5615849722834194, "eval/rtf": 0.0015783363970588234, "_timestamp": 1701802186.683437, "_runtime": 22.780111074447632, "_step": 0, "_wandb": {"runtime": 22}}