{"eval/mae": 0.08706790351254098, "eval/esr": 0.8252416919259464, "eval/dc": 0.00013103106948619825, "eval/mrstft": 0.7304997286375832, "eval/rtf": 0.0016286397058823524, "_timestamp": 1701150957.2324855, "_runtime": 17.05742359161377, "_step": 0, "_wandb": {"runtime": 16}}