{"eval/mae": 0.053194677566780764, "eval/esr": 0.40906090070219603, "eval/dc": 5.816822195971754e-05, "eval/mrstft": 0.5600012207732481, "eval/rtf": 0.0005332922794117649, "_timestamp": 1708971590.9809685, "_runtime": 4.622539520263672, "_step": 0, "_wandb": {"runtime": 2}}