{"eval/mae": 0.18369679152965546, "eval/esr": 1.1595618724822998, "eval/dc": 0.0018558251904323697, "eval/mrstft": 2.0081429481506348, "eval/rtf": 0.0033583984375, "_timestamp": 1709304658.77462, "_runtime": 3.839431047439575, "_step": 0, "_wandb": {"runtime": 3}}