{"eval/mae": 0.19277063012123108, "eval/esr": 1.402306318283081, "eval/dc": 0.00012413880904205143, "eval/mrstft": 1.6057920455932617, "eval/rtf": 0.24300397653132677, "_timestamp": 1711305022.3171828, "_runtime": 9.447385787963867, "_step": 0, "_wandb": {"runtime": 8}}