{"eval/mae": 0.06806110612609807, "eval/esr": 0.6986561663010541, "eval/dc": 4.152777209503042e-05, "eval/mrstft": 0.54206541706534, "eval/rtf": 0.10609244669117647, "_timestamp": 1701933700.3803976, "_runtime": 219.15713453292847, "_step": 0, "_wandb": {"runtime": 217}}