{"eval/mae": 0.1645546555519104, "eval/esr": 1.0585662126541138, "eval/dc": 0.0002935038646683097, "eval/mrstft": 2.085502862930298, "eval/rtf": 0.0094959453125, "_timestamp": 1710873275.326217, "_runtime": 24.248793840408325, "_step": 0, "_wandb": {"runtime": 23}}