{"eval/mae": 0.08545361179858446, "eval/esr": 0.7167866080999374, "eval/dc": 0.00014052034111955436, "eval/mrstft": 0.7389526292681694, "eval/rtf": 6.853401316933741, "_timestamp": 1711306990.8097117, "_runtime": 264.18378376960754, "_step": 0, "_wandb": {"runtime": 263}}