{"eval/mae": 0.20211937059374416, "eval/esr": 2.885979035321404, "eval/dc": 0.00018234261947594967, "eval/mrstft": 0.7653996663935044, "eval/rtf": 0.0016196139705882354, "_timestamp": 1701151279.1288207, "_runtime": 14.926503658294678, "_step": 0, "_wandb": {"runtime": 14}}