{"eval/mae": 0.1447414755821228, "eval/esr": 0.8978694677352905, "eval/dc": 0.00026857497869059443, "eval/mrstft": 0.9563137888908386, "eval/rtf": 0.1432551289908588, "_timestamp": 1711307502.432849, "_runtime": 9.490779876708984, "_step": 0, "_wandb": {"runtime": 8}}