{"eval/mae": 0.11516116406111156, "eval/esr": 1.1078990014160381, "eval/dc": 0.0002701578512053803, "eval/mrstft": 0.8517402270260979, "eval/rtf": 0.0017426139705882355, "_timestamp": 1701151170.697413, "_runtime": 15.27887487411499, "_step": 0, "_wandb": {"runtime": 14}}