{"train/learning_rate": 0.001, "_timestamp": 1701154318.0504835, "train/loss_train": 1.2274782891366995, "train/loss_valid": 1.77793147984673, "_runtime": 31.39801049232483, "_step": 0}