Model Name,Inference Time (s)
WN-16-10-2_1000_8_20230812-122909.pt,0.40074706077575684
WN-16-10-2_1000_8_20230812-135930.pt,0.3535318374633789
TCN-64-10-5-7_1000_8_20230812-074745.pt,0.21741080284118652
LSTM-32-4_1000_8_20230812-084508.pt,0.5135278701782227
TCN-BL_1000_8_20230812-072321.pt,0.11670303344726562
