Model Name,Inference Time (s)
LSTM-96_1000_32_20230810-062251.pt,2.8041324615478516
WN-1k5_1000_32_20230810-062611.pt,0.21734118461608887
TCN-BL_1000_32_20230810-055640.pt,0.10013461112976074
LSTM-96-skip-bn-conv_1000_32_20230810-070925.pt,0.17183971405029297
