Model Name,Inference Time (s)
WN-1500_50_8_20230708-STFT-MAE.pt,2.6428256034851074
TCN-5k4_50_8_20230709-095254.pt,0.08344817161560059
WN-150_50_8_20230706-STFT-MAE.pt,0.10704541206359863
TCN-4k_50_8_20230706-STFT-MAE.pt,0.07715582847595215
TCN-BL_50_8_20230706-STFT-MAE.pt,0.06980538368225098
LSTM-128-skip_50_16_20230709-175931.pt,0.40648412704467773
TCN-2k7_50_8_20230709-095004.pt,0.0694739818572998
WN-1k_50_8_20230706-STFT-MAE.pt,0.11887145042419434
TCN-2k_50_8_20230708-STFT-MAE.pt,0.06325340270996094
