Model Name,Inference Time (s)
LSTM-32-4_1000_8_20230811-203345.pt,1.9821763038635254
WN-8-10-2_1000_4_20230811-162801.pt,0.5841968059539795
LSTM-96_1000_4_20230811-165445.pt,0.2432553768157959
TCN-64-10-5-7_1000_8_20230811-182558.pt,0.030792951583862305
WN-16-10-2_1000_8_20230811-183832.pt,0.0902252197265625
TCN-64-10-5-7_1000_8_20230811-215640.pt,0.01633167266845703
WN-16-10-3_1000_8_20230811-194148.pt,0.10331916809082031
TCN-BL_1000_4_20230811-160426.pt,0.029398679733276367
