Model Name,Inference Time (s)
WN-8-10-2_1000_4_20230811-162801.pt,2.736589193344116
LSTM-96_1000_4_20230811-165445.pt,2.080932855606079
TCN-BL_1000_4_20230811-160426.pt,0.4392673969268799
