Model Name,Inference Time (s)
LSTM-96-1_50_8_20230708-STFT-MAE.pt,1.387174129486084
WN-1500_50_8_20230708-STFT-MAE.pt,1.4030189514160156
WN-150_50_8_20230706-STFT-MAE.pt,1.3321011066436768
TCN-4k_50_8_20230706-STFT-MAE.pt,1.0112531185150146
TCN-BL_50_8_20230706-STFT-MAE.pt,0.38211727142333984
WN-1500_50_8_20230706-STFT-MAE.pt,1.327552080154419
WN-1k_50_8_20230706-STFT-MAE.pt,0.766228437423706
WN-1500_50_8_20230708-221354.pt,1.3074729442596436
TCN-2k_50_8_20230708-STFT-MAE.pt,0.33683252334594727
