Model Name,Inference Time (s)
WN-8-10-2_1000_4_20230811-162801.pt,1.610672950744629
LSTM-96_1000_4_20230811-165445.pt,4.4818291664123535
TCN-BL_1000_4_20230811-160426.pt,1.034925937652588
