{"eval/mae": 0.1611267477273941, "eval/esr": 1.0828914642333984, "eval/dc": 0.00023047863214742392, "eval/mrstft": 0.9968408346176147, "eval/rtf": 0.0039557734375, "_timestamp": 1710028763.569885, "_runtime": 4.970115900039673, "_step": 0, "_wandb": {"runtime": 4}}