{"eval/mae": 0.08545361272990704, "eval/esr": 0.7167866118252277, "eval/dc": 0.00014051994185138028, "eval/mrstft": 0.7389525771141052, "eval/rtf": 0.3408399609375, "_timestamp": 1710547066.815895, "_runtime": 242.25239300727844, "_step": 0, "_wandb": {"runtime": 241}}