{"eval/mae": 0.040340473437133956, "eval/esr": 0.32205621416077895, "eval/dc": 4.019221727075466e-05, "eval/mrstft": 0.46658698951496796, "eval/rtf": 0.0006525845588235294, "_timestamp": 1708971086.650519, "_runtime": 4.859908819198608, "_step": 0, "_wandb": {"runtime": 4}}