{"eval/mae": 0.22114236652851105, "eval/esr": 2.005861282348633, "eval/dc": 0.00010470709821674973, "eval/mrstft": 1.645613670349121, "eval/rtf": 0.0307643359375, "_timestamp": 1710547321.500351, "_runtime": 46.1773419380188, "_step": 0, "_wandb": {"runtime": 45}}