{"eval/mae": 0.1645546704530716, "eval/esr": 1.0585660934448242, "eval/dc": 0.000293502991553396, "eval/mrstft": 2.085503101348877, "eval/rtf": 0.12044164340477437, "_timestamp": 1711307658.9153283, "_runtime": 9.288634300231934, "_step": 0, "_wandb": {"runtime": 8}}