{"eval/mae": 0.18339790403842926, "eval/esr": 1.2113357782363892, "eval/dc": 0.0003555170551408082, "eval/mrstft": 1.9251617193222046, "eval/rtf": 0.016677265625, "_timestamp": 1710873437.927648, "_runtime": 25.849326133728027, "_step": 0, "_wandb": {"runtime": 25}}