{"eval/mae": 0.21260862052440643, "eval/esr": 1.8464555740356445, "eval/dc": 0.00014857844507787377, "eval/mrstft": 1.6155515909194946, "eval/rtf": 0.043190234375, "_timestamp": 1710873771.58653, "_runtime": 29.778975009918213, "_step": 0, "_wandb": {"runtime": 29}}