{"eval/mae": 0.1140443067997694, "eval/esr": 1.057521216571331, "eval/dc": 1.4258872624850483e-05, "eval/mrstft": 1.0804505050182343, "eval/rtf": 0.159856078125, "_timestamp": 1710548360.590912, "_runtime": 150.82524299621582, "_step": 0, "_wandb": {"runtime": 149}}