{"eval/mae": 0.04170639418503817, "eval/esr": 0.32659774536595626, "eval/dc": 0.0001806882569593761, "eval/mrstft": 0.47872257232666016, "eval/rtf": 0.001661058823529412, "_timestamp": 1701802237.5074825, "_runtime": 38.668649435043335, "_step": 0, "_wandb": {"runtime": 38}}