{"eval/mae": 0.08207355461576406, "eval/esr": 0.8661679327487946, "eval/dc": 0.002186617926995763, "eval/mrstft": 0.7115576407488655, "eval/rtf": 0.0015995294117647058, "_timestamp": 1701933819.2358227, "_runtime": 24.387826681137085, "_step": 0, "_wandb": {"runtime": 23}}