{"eval/mae": 0.19198346138000488, "eval/esr": 1.3705644607543945, "eval/dc": 4.080517101101577e-05, "eval/mrstft": 1.6574203968048096, "eval/rtf": 0.0022145, "_timestamp": 1709304569.2538097, "_runtime": 4.764377593994141, "_step": 0, "_wandb": {"runtime": 4}}