{"eval/mae": 0.09643588215112686, "eval/esr": 0.7847021892666817, "eval/dc": 0.00017904404376167804, "eval/mrstft": 0.8287631347775459, "eval/rtf": 0.001245046875, "_timestamp": 1709304893.7608745, "_runtime": 8.972160577774048, "_step": 0, "_wandb": {"runtime": 8}}