{"eval/mae": 0.1994515061378479, "eval/esr": 1.620793342590332, "eval/dc": 0.00016025942750275135, "eval/mrstft": 1.0964252948760986, "eval/rtf": 0.0024165390625, "_timestamp": 1710029154.5698435, "_runtime": 4.057280540466309, "_step": 0, "_wandb": {"runtime": 3}}