{"eval/mae": 0.14474216103553772, "eval/esr": 0.8978797197341919, "eval/dc": 0.00026849471032619476, "eval/mrstft": 0.9814707636833191, "eval/rtf": 0.0659954140625, "_timestamp": 1710872417.88674, "_runtime": 31.655121088027954, "_step": 0, "_wandb": {"runtime": 31}}