{"eval/mae": 0.08773257515647194, "eval/esr": 0.7063798714767803, "eval/dc": 0.00012339238508667967, "eval/mrstft": 0.8201338052749634, "eval/rtf": 0.0016701060606060603, "_timestamp": 1701802272.8543522, "_runtime": 23.393635272979736, "_step": 0, "_wandb": {"runtime": 22}}