{"train/learning_rate": 0.01, "_timestamp": 1709159092.257048, "train/loss_train": 1.1159929704666138, "train/loss_valid": 1.211869239807129, "_runtime": 790.7722978591919, "_step": 5}