{"eval/mae": 0.10448843810488195, "eval/esr": 0.8896853844909107, "eval/dc": 6.54238970596185e-05, "eval/mrstft": 0.9992062747478485, "eval/rtf": 0.005632125, "_timestamp": 1708971287.3044693, "_runtime": 14.61967945098877, "_step": 0, "_wandb": {"runtime": 13}}