{"eval/mae": 0.08773175118999048, "eval/esr": 0.7063708901405334, "eval/dc": 0.00012333566833562642, "eval/mrstft": 0.819799851287495, "eval/rtf": 0.0006752348484848485, "_timestamp": 1708971557.245445, "_runtime": 3.9445960521698, "_step": 0, "_wandb": {"runtime": 2}}