{"eval/mae": 0.1645546704530716, "eval/esr": 1.0585660934448242, "eval/dc": 0.000293502991553396, "eval/mrstft": 2.085503101348877, "eval/rtf": 0.002085046875, "_timestamp": 1710090583.7816217, "_runtime": 5.786993741989136, "_step": 0, "_wandb": {"runtime": 4}}