{"eval/mae": 0.1363319754600525, "eval/esr": 0.791495680809021, "eval/dc": 5.225068161962554e-05, "eval/mrstft": 1.4773473739624023, "eval/rtf": 0.00256059375, "_timestamp": 1709304791.156312, "_runtime": 5.277082920074463, "_step": 0, "_wandb": {"runtime": 4}}