{"eval/mae": 0.08773175118999048, "eval/esr": 0.7063708901405334, "eval/dc": 0.00012333566833562642, "eval/mrstft": 0.819799851287495, "eval/rtf": 0.0006258636363636365, "_timestamp": 1708971069.2586937, "_runtime": 3.617314577102661, "_step": 0, "_wandb": {"runtime": 2}}