{"eval/mae": 0.18369679152965546, "eval/esr": 1.1595618724822998, "eval/dc": 0.0018558251904323697, "eval/mrstft": 2.0081429481506348, "eval/rtf": 0.22650151455309242, "_timestamp": 1711307612.915402, "_runtime": 8.899128913879395, "_step": 0, "_wandb": {"runtime": 8}}