{"eval/mae": 0.08545338176190853, "eval/esr": 0.716783944517374, "eval/dc": 0.00014047300510355853, "eval/mrstft": 0.7388318106532097, "eval/rtf": 0.014885968749999997, "_timestamp": 1711302872.208602, "_runtime": 10.74650502204895, "_step": 0, "_wandb": {"runtime": 10}}