{"eval/mae": 0.1537852142663563, "eval/esr": 1.8333177356158985, "eval/dc": 6.270138400770306e-05, "eval/mrstft": 0.985836923122406, "eval/rtf": 0.0017376672794117637, "_timestamp": 1701151596.068585, "_runtime": 9.618683815002441, "_step": 0, "_wandb": {"runtime": 8}}