{"params": 91136, "receptive_field": 67651, "_timestamp": 1711295558.926568, "_runtime": 4.829038143157959, "_step": 0, "_wandb": {"runtime": 10}}