{"eval/mae": 0.21145432628691196, "eval/esr": 2.9385862946510315, "eval/dc": 0.0004521606406342471, "eval/mrstft": 1.0265612080693245, "eval/rtf": 0.06961635265179211, "_timestamp": 1711307592.8124695, "_runtime": 13.47347640991211, "_step": 0, "_wandb": {"runtime": 12}}