{"eval/mae": 0.12667738273739815, "eval/esr": 1.1697893791338976, "eval/dc": 5.9244907574526116e-05, "eval/mrstft": 1.8785148894085604, "eval/rtf": 0.005549648897058825, "_timestamp": 1708971263.586315, "_runtime": 12.352965831756592, "_step": 0, "_wandb": {"runtime": 11}}