{"params": 91136, "receptive_field": 67651, "_timestamp": 1711295591.1066816, "_runtime": 6.145882606506348, "_step": 0, "_wandb": {"runtime": 12}}