{"eval/mae": 0.06717837842948296, "eval/esr": 0.635676920413971, "eval/dc": 5.307068557372344e-05, "eval/mrstft": 0.5716612952597001, "eval/rtf": 0.0005269669117647059, "_timestamp": 1708971506.9809628, "_runtime": 3.589871644973755, "_step": 0, "_wandb": {"runtime": 2}}