{"eval/mae": 0.172627504914999, "eval/esr": 2.203782707452774, "eval/dc": 0.00011879616886290023, "eval/mrstft": 1.022167757153511, "eval/rtf": 13.231437800794083, "_timestamp": 1711306716.6099527, "_runtime": 468.3347096443176, "_step": 0, "_wandb": {"runtime": 467}}