{"eval/mae": 0.04720378152149565, "eval/esr": 0.3642464205622673, "eval/dc": 7.112154055314878e-05, "eval/mrstft": 0.5232677337001351, "eval/rtf": 0.0015996176470588232, "_timestamp": 1701934164.3267984, "_runtime": 17.217607498168945, "_step": 0, "_wandb": {"runtime": 16}}