{"eval/mae": 0.12668796519146247, "eval/esr": 1.1700199228875778, "eval/dc": 5.968455541412421e-05, "eval/mrstft": 1.8784559824887443, "eval/rtf": 0.009304329044117649, "_timestamp": 1701934398.8430984, "_runtime": 23.713581323623657, "_step": 0, "_wandb": {"runtime": 23}}