{"eval/mae": 0.09577771089971066, "eval/esr": 0.8008032962679863, "eval/dc": 0.0001140233434853144, "eval/mrstft": 0.9017282128334045, "eval/rtf": 0.0025595058593749997, "_timestamp": 1709304851.4635684, "_runtime": 13.739971399307251, "_step": 0, "_wandb": {"runtime": 13}}