{"eval/mae": 0.21844593543505322, "eval/esr": 3.0255445915719736, "eval/dc": 0.053551099232762404, "eval/mrstft": 1.2687249891999839, "eval/rtf": 0.01749802355072463, "_timestamp": 1701151408.7450833, "_runtime": 66.80346822738647, "_step": 0, "_wandb": {"runtime": 66}}