{"eval/mae": 0.11828089877963066, "eval/esr": 1.1570883393287659, "eval/dc": 0.0002104726772813592, "eval/mrstft": 1.4271463006734848, "eval/rtf": 0.00401692578125, "_timestamp": 1710090475.077225, "_runtime": 12.829793930053711, "_step": 0, "_wandb": {"runtime": 12}}