{"train/learning_rate": 1.0000000000000002e-07, "_timestamp": 1701847184.1278841, "train/loss_train": 0.6346921359791475, "train/loss_valid": 0.7503029949524823, "_runtime": 118483.01213812828, "_step": 331}