{"train/learning_rate": 0.0001, "_timestamp": 1701808644.07654, "train/loss_train": 0.6426171309807721, "train/loss_valid": 0.7526355771457448, "_runtime": 79942.96079397202, "_step": 223}