{"eval/mae": 0.18369679152965546, "eval/esr": 1.1595618724822998, "eval/dc": 0.0018558251904323697, "eval/mrstft": 2.0081429481506348, "eval/rtf": 0.195911, "_timestamp": 1711302650.8207085, "_runtime": 8.349169492721558, "_step": 0, "_wandb": {"runtime": 7}}