{"eval/mae": 0.16073773056268692, "eval/esr": 1.8253061175346375, "eval/dc": 8.145789843183593e-05, "eval/mrstft": 0.9683537110686302, "eval/rtf": 0.00115845703125, "_timestamp": 1709304810.1502957, "_runtime": 8.215091705322266, "_step": 0, "_wandb": {"runtime": 7}}