{"eval/mae": 0.05589147503761684, "eval/esr": 0.3981255595298374, "eval/dc": 4.8048707386067906e-05, "eval/mrstft": 0.5607981366269729, "eval/rtf": 0.000527875, "_timestamp": 1708971531.2954848, "_runtime": 3.6783506870269775, "_step": 0, "_wandb": {"runtime": 2}}