{"eval/mae": 0.22114236652851105, "eval/esr": 2.005861282348633, "eval/dc": 0.00010470709821674973, "eval/mrstft": 1.645613670349121, "eval/rtf": 0.022863859375, "_timestamp": 1710872568.648167, "_runtime": 26.0817289352417, "_step": 0, "_wandb": {"runtime": 25}}