{"eval/mae": 0.17825660109519958, "eval/esr": 1.096797227859497, "eval/dc": 0.0005217104917392135, "eval/mrstft": 2.018655776977539, "eval/rtf": 0.002823375, "_timestamp": 1709304611.5659223, "_runtime": 5.611586332321167, "_step": 0, "_wandb": {"runtime": 4}}