{"eval/mae": 0.10377132892608643, "eval/esr": 1.0549924448132515, "eval/dc": 0.0001316763036811608, "eval/mrstft": 0.9289700835943222, "eval/rtf": 0.1238823828125, "_timestamp": 1710548549.787532, "_runtime": 130.80757308006287, "_step": 0, "_wandb": {"runtime": 130}}