{"eval/mae": 0.08545361272990704, "eval/esr": 0.7167866118252277, "eval/dc": 0.00014051994185138028, "eval/mrstft": 0.7389525771141052, "eval/rtf": 0.23173949609375, "_timestamp": 1710872372.7494988, "_runtime": 174.44150495529175, "_step": 0, "_wandb": {"runtime": 173}}