{"eval/mae": 0.09643588215112686, "eval/esr": 0.7847021892666817, "eval/dc": 0.00017904404376167804, "eval/mrstft": 0.8287631347775459, "eval/rtf": 0.01766333322302671, "_timestamp": 1711307849.7146053, "_runtime": 10.740167379379272, "_step": 0, "_wandb": {"runtime": 10}}