{"train/learning_rate": 0.01, "_timestamp": 1710036158.8824918, "train/loss_train": 0.9196803426742554, "train/loss_valid": 0.9863961935043335, "_runtime": 1267.2278468608856, "_step": 20}