{"eval/mae": 0.10448843810488195, "eval/esr": 0.8896853844909107, "eval/dc": 6.54238970596185e-05, "eval/mrstft": 0.9992062747478485, "eval/rtf": 0.005473852941176471, "_timestamp": 1708971758.3977165, "_runtime": 14.617568492889404, "_step": 0, "_wandb": {"runtime": 13}}