{"eval/mae": 0.09577771089971066, "eval/esr": 0.8008032962679863, "eval/dc": 0.0001140233434853144, "eval/mrstft": 0.9017282128334045, "eval/rtf": 0.0025887617187499994, "_timestamp": 1710029100.7795208, "_runtime": 13.142262697219849, "_step": 0, "_wandb": {"runtime": 12}}