{"eval/mae": 0.12668796519146247, "eval/esr": 1.1700199228875778, "eval/dc": 5.968455541412421e-05, "eval/mrstft": 1.8784559824887443, "eval/rtf": 0.009348786764705882, "_timestamp": 1701151527.1619613, "_runtime": 22.922853231430054, "_step": 0, "_wandb": {"runtime": 22}}