{"eval/mae": 0.1363319754600525, "eval/esr": 0.791495680809021, "eval/dc": 5.225068161962554e-05, "eval/mrstft": 1.4773473739624023, "eval/rtf": 0.004578953125, "_timestamp": 1710090675.4706016, "_runtime": 6.009701490402222, "_step": 0, "_wandb": {"runtime": 5}}