{"eval/mae": 0.055891686283490234, "eval/esr": 0.39812250435352325, "eval/dc": 4.830551552004181e-05, "eval/mrstft": 0.5615849722834194, "eval/rtf": 0.0016341819852941177, "_timestamp": 1701933931.2286932, "_runtime": 23.66380214691162, "_step": 0, "_wandb": {"runtime": 23}}