{"eval/mae": 0.19277063012123108, "eval/esr": 1.402306318283081, "eval/dc": 0.00012413880904205143, "eval/mrstft": 1.6057920455932617, "eval/rtf": 0.20203651709016412, "_timestamp": 1711304906.3176591, "_runtime": 8.46545124053955, "_step": 0, "_wandb": {"runtime": 7}}