{"eval/mae": 0.1994515061378479, "eval/esr": 1.620793342590332, "eval/dc": 0.00016025942750275135, "eval/mrstft": 1.0964252948760986, "eval/rtf": 0.1565775, "_timestamp": 1711303298.3087056, "_runtime": 8.14638066291809, "_step": 0, "_wandb": {"runtime": 7}}