{"eval/mae": 0.17235643404495457, "eval/esr": 2.2174071425545043, "eval/dc": 0.00011335047525760218, "eval/mrstft": 1.031090941981993, "eval/rtf": 0.0013502445869127532, "_timestamp": 1711305320.4100688, "_runtime": 11.938422679901123, "_step": 0, "_wandb": {"runtime": 11}}