{"eval/mae": 0.19277063012123108, "eval/esr": 1.402306318283081, "eval/dc": 0.00012413880904205143, "eval/mrstft": 1.6057920455932617, "eval/rtf": 0.1803411025321111, "_timestamp": 1711304628.1001413, "_runtime": 9.068981170654297, "_step": 0, "_wandb": {"runtime": 8}}