{"eval/mae": 0.04276988723808352, "eval/esr": 0.3419652622850502, "eval/dc": 4.9607095049583114e-05, "eval/mrstft": 0.4615442691480412, "eval/rtf": 0.0017488566176470596, "_timestamp": 1701151199.5723927, "_runtime": 15.750771760940552, "_step": 0, "_wandb": {"runtime": 15}}