{"eval/mae": 0.049222575284648636, "eval/esr": 0.36468883568717947, "eval/dc": 0.000788316300581821, "eval/mrstft": 0.5408793635990309, "eval/rtf": 0.0019936032608695643, "_timestamp": 1701151064.5991774, "_runtime": 24.021520376205444, "_step": 0, "_wandb": {"runtime": 23}}