{"eval/mae": 0.11828089877963066, "eval/esr": 1.1570883393287659, "eval/dc": 0.0002104726772813592, "eval/mrstft": 1.4271463006734848, "eval/rtf": 0.054538062286155764, "_timestamp": 1711307546.7105718, "_runtime": 12.637797832489014, "_step": 0, "_wandb": {"runtime": 12}}