{"eval/mae": 0.209665031860704, "eval/esr": 2.955854915190434, "eval/dc": 8.193184068487966e-05, "eval/mrstft": 0.9071943207063536, "eval/rtf": 0.010957762681159427, "_timestamp": 1708971241.1108294, "_runtime": 44.479355335235596, "_step": 0, "_wandb": {"runtime": 42}}