{"eval/mae": 0.08207185303463656, "eval/esr": 0.8661688706454109, "eval/dc": 0.002179487519349684, "eval/mrstft": 0.7110310196876526, "eval/rtf": 0.0005428474264705882, "_timestamp": 1708971489.6308115, "_runtime": 3.601104497909546, "_step": 0, "_wandb": {"runtime": 2}}