{"eval/mae": 0.1447414755821228, "eval/esr": 0.8978694677352905, "eval/dc": 0.00026857497869059443, "eval/mrstft": 0.9563137888908386, "eval/rtf": 0.1317775, "_timestamp": 1711302892.2176838, "_runtime": 8.176717758178711, "_step": 0, "_wandb": {"runtime": 7}}