{"eval/mae": 0.17825660109519958, "eval/esr": 1.096797227859497, "eval/dc": 0.0005217104917392135, "eval/mrstft": 2.018655776977539, "eval/rtf": 0.0023763046875, "_timestamp": 1710090493.0864847, "_runtime": 5.993246555328369, "_step": 0, "_wandb": {"runtime": 5}}