{"eval/mae": 0.06717837842948296, "eval/esr": 0.635676920413971, "eval/dc": 5.307068557372344e-05, "eval/mrstft": 0.5716612952597001, "eval/rtf": 0.0005888768382352939, "_timestamp": 1708971010.7937725, "_runtime": 3.6184403896331787, "_step": 0, "_wandb": {"runtime": 2}}