{"eval/mae": 0.19128946959972382, "eval/esr": 1.3221006393432617, "eval/dc": 0.0015527455834671855, "eval/mrstft": 1.8975896835327148, "eval/rtf": 0.0012615078125, "_timestamp": 1709017005.5452025, "_runtime": 1.908968448638916, "_step": 0, "_wandb": {"runtime": 1}}