{"eval/mae": 0.09989294545216994, "eval/esr": 0.9273393533446572, "eval/dc": 0.00020640160205816343, "eval/mrstft": 0.8752133412794634, "eval/rtf": 0.0005677765151515152, "_timestamp": 1708971026.4639208, "_runtime": 2.9643208980560303, "_step": 0, "_wandb": {"runtime": 2}}