{"eval/mae": 0.09577771462500095, "eval/esr": 0.8008032962679863, "eval/dc": 0.00011402307291064062, "eval/mrstft": 0.9017344117164612, "eval/rtf": 0.144245255859375, "_timestamp": 1710873917.976792, "_runtime": 130.0999472141266, "_step": 0, "_wandb": {"runtime": 129}}