{"eval/mae": 0.10377132892608643, "eval/esr": 1.0549924448132515, "eval/dc": 0.0001316763036811608, "eval/mrstft": 0.9289700835943222, "eval/rtf": 0.09004800390625001, "_timestamp": 1710873553.0352352, "_runtime": 102.17245316505432, "_step": 0, "_wandb": {"runtime": 101}}