{"eval/mae": 0.08773257515647194, "eval/esr": 0.7063798714767803, "eval/dc": 0.00012339238508667967, "eval/mrstft": 0.8201338052749634, "eval/rtf": 0.0016532594696969695, "_timestamp": 1701934034.3960302, "_runtime": 24.559531211853027, "_step": 0, "_wandb": {"runtime": 23}}