{"eval/mae": 0.1726274937391281, "eval/esr": 2.2037825733423233, "eval/dc": 0.00011879628755195881, "eval/mrstft": 1.0221611261367798, "eval/rtf": 0.022736623221135233, "_timestamp": 1711307457.4103255, "_runtime": 11.405600547790527, "_step": 0, "_wandb": {"runtime": 10}}