{"eval/mae": 0.08686407655477524, "eval/esr": 0.3553292751312256, "eval/dc": 0.00012555147986859083, "eval/mrstft": 1.1299422979354858, "eval/rtf": 0.00556940625, "_timestamp": 1710090761.0739279, "_runtime": 6.114025831222534, "_step": 0, "_wandb": {"runtime": 5}}