{"eval/mae": 0.1994514912366867, "eval/esr": 1.6207934617996216, "eval/dc": 0.00016026070807129145, "eval/mrstft": 1.09642493724823, "eval/rtf": 0.0564103125, "_timestamp": 1710874168.4219651, "_runtime": 30.22288417816162, "_step": 0, "_wandb": {"runtime": 29}}