{"eval/mae": 0.21844633096370145, "eval/esr": 3.025558640991432, "eval/dc": 0.05354801803638322, "eval/mrstft": 1.2687226067418638, "eval/rtf": 0.010794864130434786, "_timestamp": 1708971658.5967538, "_runtime": 43.10896277427673, "_step": 0, "_wandb": {"runtime": 42}}