{"eval/mae": 0.10377036593854427, "eval/esr": 1.0549777746200562, "eval/dc": 0.0001316055213465006, "eval/mrstft": 0.928846687078476, "eval/rtf": 0.01904740625, "_timestamp": 1711303153.9007156, "_runtime": 10.420278549194336, "_step": 0, "_wandb": {"runtime": 9}}