{"eval/mae": 0.21145393885672092, "eval/esr": 2.9385592937469482, "eval/dc": 0.0004520091024460271, "eval/mrstft": 1.0265977904200554, "eval/rtf": 0.547022091796875, "_timestamp": 1710547967.2012942, "_runtime": 349.82319808006287, "_step": 0, "_wandb": {"runtime": 348}}