{"eval/mae": 0.08686407655477524, "eval/esr": 0.355329304933548, "eval/dc": 0.00012555152352433652, "eval/mrstft": 1.1299420595169067, "eval/rtf": 0.0384880390625, "_timestamp": 1710873959.056722, "_runtime": 28.05470299720764, "_step": 0, "_wandb": {"runtime": 27}}