{"eval/mae": 0.09441171674167409, "eval/esr": 0.764349639415741, "eval/dc": 8.181074126161333e-05, "eval/mrstft": 0.8084398297702565, "eval/rtf": 0.0005315808823529412, "_timestamp": 1709017065.587606, "_runtime": 3.306459903717041, "_step": 0, "_wandb": {"runtime": 2}}