{"eval/mae": 0.2064009135698571, "eval/esr": 2.9079404648612526, "eval/dc": 0.00012830430239987704, "eval/mrstft": 0.8050368586007286, "eval/rtf": 0.001737762867647059, "_timestamp": 1701802599.8261104, "_runtime": 14.622664451599121, "_step": 0, "_wandb": {"runtime": 13}}