{"eval/mae": 0.21260862052440643, "eval/esr": 1.8464553356170654, "eval/dc": 0.00014857824135106057, "eval/mrstft": 1.6155508756637573, "eval/rtf": 0.126824, "_timestamp": 1711303215.021121, "_runtime": 8.20768404006958, "_step": 0, "_wandb": {"runtime": 7}}