{"eval/mae": 0.11911730775061775, "eval/esr": 1.2300055693177616, "eval/dc": 0.0001788093146548336, "eval/mrstft": 0.9327982068061829, "eval/rtf": 0.0017096525735294122, "_timestamp": 1701151328.7325013, "_runtime": 11.81326937675476, "_step": 0, "_wandb": {"runtime": 11}}