{"eval/mae": 0.16073773056268692, "eval/esr": 1.8253061175346375, "eval/dc": 8.145789843183593e-05, "eval/mrstft": 0.9683537110686302, "eval/rtf": 0.0009095156250000001, "_timestamp": 1710029059.7733963, "_runtime": 8.12817120552063, "_step": 0, "_wandb": {"runtime": 7}}