{"eval/mae": 0.2064009135698571, "eval/esr": 2.9079404648612526, "eval/dc": 0.00012830430239987704, "eval/mrstft": 0.8050368586007286, "eval/rtf": 0.0017739356617647052, "_timestamp": 1701934494.722662, "_runtime": 15.018064022064209, "_step": 0, "_wandb": {"runtime": 14}}