{"eval/mae": 0.22114235162734985, "eval/esr": 2.005861282348633, "eval/dc": 0.00010470705456100404, "eval/mrstft": 1.645613670349121, "eval/rtf": 0.0018871484375, "_timestamp": 1710090451.7669082, "_runtime": 5.5732550621032715, "_step": 0, "_wandb": {"runtime": 4}}