{"eval/mae": 0.13840942364186049, "eval/esr": 1.5256970524787903, "eval/dc": 9.410385882802075e-05, "eval/mrstft": 0.9914790838956833, "eval/rtf": 0.0008304628906250001, "_timestamp": 1710090434.2751193, "_runtime": 7.8355653285980225, "_step": 0, "_wandb": {"runtime": 7}}