{"eval/mae": 0.1611267477273941, "eval/esr": 1.0828914642333984, "eval/dc": 0.00023047863214742392, "eval/mrstft": 0.9968408346176147, "eval/rtf": 0.0027490546875, "_timestamp": 1710028780.68046, "_runtime": 4.028069972991943, "_step": 0, "_wandb": {"runtime": 3}}