{"eval/mae": 0.047206922817756146, "eval/esr": 0.36426130660316525, "eval/dc": 7.275409959273769e-05, "eval/mrstft": 0.5215264821753782, "eval/rtf": 0.0004337830882352941, "_timestamp": 1708971604.4346263, "_runtime": 2.6980984210968018, "_step": 0, "_wandb": {"runtime": 2}}