{"eval/mae": 0.09643588215112686, "eval/esr": 0.7847021892666817, "eval/dc": 0.00017904404376167804, "eval/mrstft": 0.8287631347775459, "eval/rtf": 0.020886343749999998, "_timestamp": 1711303278.8199744, "_runtime": 9.740468502044678, "_step": 0, "_wandb": {"runtime": 9}}