{"eval/mae": 0.09280105231001097, "eval/esr": 0.7280570347519482, "eval/dc": 0.0002238824735125972, "eval/mrstft": 0.8542633442317739, "eval/rtf": 0.0017386617647058827, "_timestamp": 1701151116.7938907, "_runtime": 12.189669609069824, "_step": 0, "_wandb": {"runtime": 11}}