{"eval/mae": 0.15378521404722156, "eval/esr": 1.8333177636651432, "eval/dc": 6.270138571969309e-05, "eval/mrstft": 0.9858368915670058, "eval/rtf": 0.00040246323529411767, "_timestamp": 1708971310.0746078, "_runtime": 2.3171608448028564, "_step": 0, "_wandb": {"runtime": 1}}