{"eval/mae": 0.09577771089971066, "eval/esr": 0.8008032962679863, "eval/dc": 0.0001140233434853144, "eval/mrstft": 0.9017282128334045, "eval/rtf": 0.016611850267509, "_timestamp": 1711307808.609568, "_runtime": 11.013489007949829, "_step": 0, "_wandb": {"runtime": 10}}