{"eval/mae": 0.1836947202682495, "eval/esr": 1.1595261096954346, "eval/dc": 0.0018556484719738364, "eval/mrstft": 2.008162260055542, "eval/rtf": 0.058484734375, "_timestamp": 1710873142.372999, "_runtime": 31.493563890457153, "_step": 0, "_wandb": {"runtime": 30}}