{"eval/mae": 0.04757065424586043, "eval/esr": 0.368173772797865, "eval/dc": 4.3034028267891915e-05, "eval/mrstft": 0.5619142511311699, "eval/rtf": 0.0016513823529411766, "_timestamp": 1701802049.880048, "_runtime": 27.271191120147705, "_step": 0, "_wandb": {"runtime": 26}}