{"eval/mae": 0.10377036593854427, "eval/esr": 1.0549777746200562, "eval/dc": 0.0001316055213465006, "eval/mrstft": 0.928846687078476, "eval/rtf": 0.000974767578125, "_timestamp": 1710029024.9728317, "_runtime": 9.320965766906738, "_step": 0, "_wandb": {"runtime": 8}}