{"eval/mae": 0.13840942364186049, "eval/esr": 1.5256970524787903, "eval/dc": 9.410104848939227e-05, "eval/mrstft": 0.9914853647351265, "eval/rtf": 0.08164645703125001, "_timestamp": 1710872531.0806751, "_runtime": 99.41890811920166, "_step": 0, "_wandb": {"runtime": 98}}