{"eval/mae": 0.11828089877963066, "eval/esr": 1.1570883393287659, "eval/dc": 0.0002104726772813592, "eval/mrstft": 1.4271463006734848, "eval/rtf": 0.0046665078125, "_timestamp": 1709304592.9484713, "_runtime": 12.968599319458008, "_step": 0, "_wandb": {"runtime": 12}}