{"eval/mae": 0.13633212447166443, "eval/esr": 0.7915000319480896, "eval/dc": 5.225609493209049e-05, "eval/mrstft": 1.477964997291565, "eval/rtf": 0.0258202890625, "_timestamp": 1710873593.938514, "_runtime": 27.476162910461426, "_step": 0, "_wandb": {"runtime": 26}}