{"eval/mae": 0.08027412128799102, "eval/esr": 0.6953289719188914, "eval/dc": 0.00018123417462715332, "eval/mrstft": 0.7429671638152179, "eval/rtf": 0.0017414283088235296, "_timestamp": 1701328139.762141, "_runtime": 25.905175924301147, "_step": 0, "_wandb": {"runtime": 25}}