{"eval/mae": 0.05319389153052779, "eval/esr": 0.4090638765517403, "eval/dc": 5.814684078252278e-05, "eval/mrstft": 0.5608638437355266, "eval/rtf": 0.001604393382352941, "_timestamp": 1701934132.07888, "_runtime": 24.01367998123169, "_step": 0, "_wandb": {"runtime": 23}}