{"eval/mae": 0.16073773056268692, "eval/esr": 1.8253061175346375, "eval/dc": 8.145789843183593e-05, "eval/mrstft": 0.9683537110686302, "eval/rtf": 0.00116590625, "_timestamp": 1710090698.3783796, "_runtime": 8.68712067604065, "_step": 0, "_wandb": {"runtime": 8}}