{"eval/mae": 0.12367169186472893, "eval/esr": 1.408388078212738, "eval/dc": 0.0001189738013636088, "eval/mrstft": 0.9903624206781387, "eval/rtf": 0.0039622128906250005, "_timestamp": 1710090565.5839636, "_runtime": 14.530303716659546, "_step": 0, "_wandb": {"runtime": 13}}