{"eval/mae": 0.12367169186472893, "eval/esr": 1.408388078212738, "eval/dc": 0.0001189738013636088, "eval/mrstft": 0.9903624206781387, "eval/rtf": 0.004379576171875001, "_timestamp": 1709304684.7667966, "_runtime": 13.69304347038269, "_step": 0, "_wandb": {"runtime": 13}}