{"eval/mae": 0.0998928424986926, "eval/esr": 0.9273357174613259, "eval/dc": 0.00020641844457713887, "eval/mrstft": 0.8757100159471686, "eval/rtf": 0.0016378806818181818, "_timestamp": 1701933891.4049673, "_runtime": 17.861579418182373, "_step": 0, "_wandb": {"runtime": 17}}