{"eval/mae": 0.1836947202682495, "eval/esr": 1.1595261096954346, "eval/dc": 0.0018556484719738364, "eval/mrstft": 2.008162260055542, "eval/rtf": 0.0908235859375, "_timestamp": 1710548018.450474, "_runtime": 39.42724108695984, "_step": 0, "_wandb": {"runtime": 38}}