{"eval/mae": 0.1994514912366867, "eval/esr": 1.6207934617996216, "eval/dc": 0.00016026070807129145, "eval/mrstft": 1.09642493724823, "eval/rtf": 0.061233296875, "_timestamp": 1710549313.337301, "_runtime": 31.263674020767212, "_step": 0, "_wandb": {"runtime": 30}}