{"eval/mae": 0.10377036593854427, "eval/esr": 1.0549777746200562, "eval/dc": 0.0001316055213465006, "eval/mrstft": 0.928846687078476, "eval/rtf": 0.0012046015625000002, "_timestamp": 1710090656.476293, "_runtime": 9.837843179702759, "_step": 0, "_wandb": {"runtime": 9}}