{"eval/mae": 0.0680601995657472, "eval/esr": 0.6986259853138643, "eval/dc": 4.1727369374284e-05, "eval/mrstft": 0.5406666976564071, "eval/rtf": 0.0004397591911764706, "_timestamp": 1708971461.6765163, "_runtime": 2.771392345428467, "_step": 0, "_wandb": {"runtime": 2}}