{"eval/mae": 0.2064009115976446, "eval/esr": 2.9079404648612526, "eval/dc": 0.00012830431120057576, "eval/mrstft": 0.8050368323045618, "eval/rtf": 0.0005602022058823531, "_timestamp": 1708971327.8159285, "_runtime": 3.457176446914673, "_step": 0, "_wandb": {"runtime": 2}}