{"eval/mae": 0.17080099880695343, "eval/esr": 1.9969060868024826, "eval/dc": 0.00018563580761110643, "eval/mrstft": 1.0408867076039314, "eval/rtf": 0.00066362109375, "_timestamp": 1710028800.4836774, "_runtime": 7.575590372085571, "_step": 0, "_wandb": {"runtime": 7}}