{"eval/mae": 0.18339793384075165, "eval/esr": 1.2113356590270996, "eval/dc": 0.0003555172588676214, "eval/mrstft": 1.9251608848571777, "eval/rtf": 0.1485395, "_timestamp": 1711303130.409356, "_runtime": 9.25800108909607, "_step": 0, "_wandb": {"runtime": 8}}