{"eval/mae": 0.21145432628691196, "eval/esr": 2.9385862946510315, "eval/dc": 0.0004521606406342471, "eval/mrstft": 1.0265612080693245, "eval/rtf": 0.004910046875, "_timestamp": 1710028893.4752219, "_runtime": 17.11995792388916, "_step": 0, "_wandb": {"runtime": 16}}