{"eval/mae": 0.13840942364186049, "eval/esr": 1.5256970524787903, "eval/dc": 9.410385882802075e-05, "eval/mrstft": 0.9914790838956833, "eval/rtf": 0.014501218749999998, "_timestamp": 1711302522.398397, "_runtime": 9.204803943634033, "_step": 0, "_wandb": {"runtime": 8}}