{"eval/mae": 0.08207355461576406, "eval/esr": 0.8661679327487946, "eval/dc": 0.002186617926995763, "eval/mrstft": 0.7115576407488655, "eval/rtf": 0.0016496029411764708, "_timestamp": 1701802085.0828667, "_runtime": 22.848353624343872, "_step": 0, "_wandb": {"runtime": 22}}