{"eval/mae": 0.14474215544760227, "eval/esr": 0.8978796601295471, "eval/dc": 0.0002684947321540676, "eval/mrstft": 0.9757351577281952, "eval/rtf": 3.0467697593558114, "_timestamp": 1711307041.7983758, "_runtime": 38.86858081817627, "_step": 0, "_wandb": {"runtime": 38}}