{"eval/mae": 0.047206922817756146, "eval/esr": 0.36426130660316525, "eval/dc": 7.275409959273769e-05, "eval/mrstft": 0.5215264821753782, "eval/rtf": 0.0004609705882352941, "_timestamp": 1708971112.3274813, "_runtime": 2.7856063842773438, "_step": 0, "_wandb": {"runtime": 2}}