{"train/learning_rate": 0.001, "_timestamp": 1701327522.6544333, "train/loss_train": 0.8777820175769282, "train/loss_valid": 0.9240880468312431, "_runtime": 3560.86031126976, "_step": 21}