{"eval/mae": 0.1726274937391281, "eval/esr": 2.2037825733423233, "eval/dc": 0.00011879628755195881, "eval/mrstft": 1.0221611261367798, "eval/rtf": 0.023548973869765177, "_timestamp": 1711304586.5180957, "_runtime": 11.5185706615448, "_step": 0, "_wandb": {"runtime": 10}}