{"eval/mae": 0.11828089877963066, "eval/esr": 1.1570883393287659, "eval/dc": 0.0002104726772813592, "eval/mrstft": 1.4271463006734848, "eval/rtf": 0.06642837499999998, "_timestamp": 1711302977.3036244, "_runtime": 11.630069494247437, "_step": 0, "_wandb": {"runtime": 11}}