{"eval/mae": 0.12367169186472893, "eval/esr": 1.408388078212738, "eval/dc": 0.0001189738013636088, "eval/mrstft": 0.9903624206781387, "eval/rtf": 0.0042074296875, "_timestamp": 1710028941.0856879, "_runtime": 14.296305894851685, "_step": 0, "_wandb": {"runtime": 13}}