{"eval/mae": 0.18276617172009804, "eval/esr": 2.4014528148314533, "eval/dc": 0.00015238806257484075, "eval/mrstft": 0.8684871021439048, "eval/rtf": 0.0017259613970588234, "_timestamp": 1701151090.4512696, "_runtime": 12.297148704528809, "_step": 0, "_wandb": {"runtime": 11}}