{"eval/mae": 0.06717769385260694, "eval/esr": 0.6356768835993374, "eval/dc": 5.2815285070049436e-05, "eval/mrstft": 0.5726414182606865, "eval/rtf": 0.0016762224264705882, "_timestamp": 1701933858.5566423, "_runtime": 23.963533401489258, "_step": 0, "_wandb": {"runtime": 23}}