{"eval/mae": 0.1645546555519104, "eval/esr": 1.0585662126541138, "eval/dc": 0.0002935038646683097, "eval/mrstft": 2.085502862930298, "eval/rtf": 0.01457625, "_timestamp": 1710548196.996649, "_runtime": 45.73974609375, "_step": 0, "_wandb": {"runtime": 45}}