{"eval/mae": 0.11828089877963066, "eval/esr": 1.1570883393287659, "eval/dc": 0.0002104726772813592, "eval/mrstft": 1.4271463006734848, "eval/rtf": 0.05231093750000001, "_timestamp": 1711302585.708742, "_runtime": 12.407848834991455, "_step": 0, "_wandb": {"runtime": 11}}