{"eval/mae": 0.09723185550640612, "eval/esr": 0.7912138192092671, "eval/dc": 6.5989662115338e-05, "eval/mrstft": 0.9263169011648964, "eval/rtf": 0.001746733455882353, "_timestamp": 1701151141.7854347, "_runtime": 11.702978610992432, "_step": 0, "_wandb": {"runtime": 11}}