{"eval/mae": 0.04034050729344873, "eval/esr": 0.3220571215976687, "eval/dc": 3.9940027764875116e-05, "eval/mrstft": 0.4670496355084812, "eval/rtf": 0.0016153566176470586, "_timestamp": 1701933993.808552, "_runtime": 43.09252405166626, "_step": 0, "_wandb": {"runtime": 40}}