{"eval/mae": 0.209665031860704, "eval/esr": 2.955854915190434, "eval/dc": 8.193184068487966e-05, "eval/mrstft": 0.9071943207063536, "eval/rtf": 0.01071347644927536, "_timestamp": 1708971711.0473912, "_runtime": 43.14412522315979, "_step": 0, "_wandb": {"runtime": 42}}