{"eval/mae": 0.12367169931530952, "eval/esr": 1.4083882197737694, "eval/dc": 0.00011897416970896302, "eval/mrstft": 0.9903695583343506, "eval/rtf": 0.077178251953125, "_timestamp": 1710548137.360422, "_runtime": 105.63471484184265, "_step": 0, "_wandb": {"runtime": 104}}