{"eval/mae": 0.14474216103553772, "eval/esr": 0.8978797197341919, "eval/dc": 0.00026849471032619476, "eval/mrstft": 0.9814707636833191, "eval/rtf": 0.11294346875, "_timestamp": 1710547136.200778, "_runtime": 55.321731090545654, "_step": 0, "_wandb": {"runtime": 54}}