{"eval/mae": 0.09723185550640612, "eval/esr": 0.7912138192092671, "eval/dc": 6.5989662115338e-05, "eval/mrstft": 0.9263169011648964, "eval/rtf": 0.0017304595588235295, "_timestamp": 1701110639.2217581, "_runtime": 12.064624071121216, "_step": 0, "_wandb": {"runtime": 11}}