{"train/learning_rate": 0.01, "_timestamp": 1709158085.462203, "train/loss_train": 1.1328726720809936, "train/loss_valid": 1.3381347507238388, "_runtime": 12328.473930120468, "_step": 96}