{"eval/mae": 0.09643588960170746, "eval/esr": 0.7847022712230682, "eval/dc": 0.00017904220476339106, "eval/mrstft": 0.828767940402031, "eval/rtf": 0.19262729296875, "_timestamp": 1710874125.506772, "_runtime": 153.3323781490326, "_step": 0, "_wandb": {"runtime": 152}}