{"train/learning_rate": 0.001, "_timestamp": 1701154424.054446, "train/loss_train": 1.4285678699904798, "train/loss_valid": 1.640722674482009, "_runtime": 52.551685094833374, "_step": 0}