{"eval/mae": 0.1645546704530716, "eval/esr": 1.0585660934448242, "eval/dc": 0.000293502991553396, "eval/mrstft": 2.085503101348877, "eval/rtf": 0.00250228125, "_timestamp": 1709304702.4436624, "_runtime": 5.5085694789886475, "_step": 0, "_wandb": {"runtime": 4}}