{"eval/mae": 0.1363319754600525, "eval/esr": 0.791495680809021, "eval/dc": 5.225068161962554e-05, "eval/mrstft": 1.4773473739624023, "eval/rtf": 0.12325465690810233, "_timestamp": 1711307744.31145, "_runtime": 8.965258121490479, "_step": 0, "_wandb": {"runtime": 8}}