{"eval/mae": 0.19277063012123108, "eval/esr": 1.402306318283081, "eval/dc": 0.00012413880904205143, "eval/mrstft": 1.6057920455932617, "eval/rtf": 0.260724, "_timestamp": 1711302953.8101637, "_runtime": 8.936783790588379, "_step": 0, "_wandb": {"runtime": 8}}