{"eval/mae": 0.1645546704530716, "eval/esr": 1.0585660934448242, "eval/dc": 0.000293502991553396, "eval/mrstft": 2.085503101348877, "eval/rtf": 0.0021677890625, "_timestamp": 1710028958.2832165, "_runtime": 5.031200408935547, "_step": 0, "_wandb": {"runtime": 4}}