{"eval/mae": 0.16073773242533207, "eval/esr": 1.8253062218427658, "eval/dc": 8.14564477877866e-05, "eval/mrstft": 0.9683596566319466, "eval/rtf": 0.124344005859375, "_timestamp": 1710873729.4265192, "_runtime": 119.4999611377716, "_step": 0, "_wandb": {"runtime": 118}}