{"eval/mae": 0.17080099880695343, "eval/esr": 1.9969060868024826, "eval/dc": 0.00018563580761110643, "eval/mrstft": 1.0408867076039314, "eval/rtf": 0.0005498906249999999, "_timestamp": 1709304551.5617127, "_runtime": 7.419640779495239, "_step": 0, "_wandb": {"runtime": 6}}