{"eval/mae": 0.04034050729344873, "eval/esr": 0.3220571215976687, "eval/dc": 3.9940027764875116e-05, "eval/mrstft": 0.4670496355084812, "eval/rtf": 0.0016114908088235293, "_timestamp": 1701934093.2093322, "_runtime": 40.99336624145508, "_step": 0, "_wandb": {"runtime": 40}}