{"eval/mae": 0.20966398996719415, "eval/esr": 2.9558231260465537, "eval/dc": 8.19851311165542e-05, "eval/mrstft": 0.9072375219801198, "eval/rtf": 0.016558597826086957, "_timestamp": 1701802471.264049, "_runtime": 67.89995694160461, "_step": 0, "_wandb": {"runtime": 66}}