{"train/learning_rate": 0.001, "_timestamp": 1701160174.5207698, "train/loss_train": 0.8645574684236564, "train/loss_valid": 0.9230783231118146, "_runtime": 4528.045261859894, "_step": 28}