{"eval/mae": 0.07699164813932251, "eval/esr": 0.5941639086779427, "eval/dc": 0.00011493289040278315, "eval/mrstft": 0.7211844605558059, "eval/rtf": 0.001580966911764706, "_timestamp": 1701111043.533132, "_runtime": 15.4823579788208, "_step": 0, "_wandb": {"runtime": 14}}