{"eval/mae": 0.10448774552958853, "eval/esr": 0.8896853275158826, "eval/dc": 6.544594414074655e-05, "eval/mrstft": 0.9992209427496966, "eval/rtf": 0.009349295955882353, "_timestamp": 1701934439.1525068, "_runtime": 25.63264274597168, "_step": 0, "_wandb": {"runtime": 24}}