{"eval/mae": 0.18339793384075165, "eval/esr": 1.2113356590270996, "eval/dc": 0.0003555172588676214, "eval/mrstft": 1.9251608848571777, "eval/rtf": 0.0030704453125, "_timestamp": 1709304751.7580903, "_runtime": 4.011450290679932, "_step": 0, "_wandb": {"runtime": 3}}