{"eval/mae": 0.04757006050032728, "eval/esr": 0.36816249437191906, "eval/dc": 4.305283576232956e-05, "eval/mrstft": 0.5617146439412061, "eval/rtf": 0.0005325845588235295, "_timestamp": 1708971476.4584472, "_runtime": 3.780116319656372, "_step": 0, "_wandb": {"runtime": 3}}