{"eval/mae": 0.12668796519146247, "eval/esr": 1.1700199228875778, "eval/dc": 5.968455541412421e-05, "eval/mrstft": 1.8784559824887443, "eval/rtf": 0.008830277573529412, "_timestamp": 1701802506.9259095, "_runtime": 23.18211555480957, "_step": 0, "_wandb": {"runtime": 22}}