{"eval/mae": 0.040340473437133956, "eval/esr": 0.32205621416077895, "eval/dc": 4.019221727075466e-05, "eval/mrstft": 0.46658698951496796, "eval/rtf": 0.000657875, "_timestamp": 1708971573.830969, "_runtime": 4.847886085510254, "_step": 0, "_wandb": {"runtime": 4}}