{"train/learning_rate": 0.001, "_timestamp": 1701160231.0091047, "train/loss_train": 0.7944673475097207, "train/loss_valid": 0.8622677536571727, "_runtime": 5739.425946712494, "_step": 62}