{"eval/mae": 0.05589147503761684, "eval/esr": 0.3981255595298374, "eval/dc": 4.8048707386067906e-05, "eval/mrstft": 0.5607981366269729, "eval/rtf": 0.0005245863970588237, "_timestamp": 1708971040.5488462, "_runtime": 3.62251615524292, "_step": 0, "_wandb": {"runtime": 2}}