{"eval/mae": 0.20744896198020263, "eval/esr": 2.9668563534231747, "eval/dc": 9.323101670922958e-05, "eval/mrstft": 0.9469944413970498, "eval/rtf": 0.00036836213235294106, "_timestamp": 1709017052.725773, "_runtime": 2.1629621982574463, "_step": 0, "_wandb": {"runtime": 1}}