{"eval/mae": 0.21197783946990967, "eval/esr": 1.7904314994812012, "eval/dc": 0.00018906849436461926, "eval/mrstft": 1.01753568649292, "eval/rtf": 0.001698609375, "_timestamp": 1709017078.662029, "_runtime": 1.9955251216888428, "_step": 0, "_wandb": {"runtime": 1}}