{"eval/mae": 0.21844593543505322, "eval/esr": 3.0255445915719736, "eval/dc": 0.053551099232762404, "eval/mrstft": 1.2687249891999839, "eval/rtf": 0.061616858695652164, "_timestamp": 1701934276.639787, "_runtime": 92.90581798553467, "_step": 0, "_wandb": {"runtime": 92}}