{"eval/mae": 0.16073773056268692, "eval/esr": 1.8253061175346375, "eval/dc": 8.145789843183593e-05, "eval/mrstft": 0.9683537110686302, "eval/rtf": 0.017998875, "_timestamp": 1711303195.7098906, "_runtime": 9.964111566543579, "_step": 0, "_wandb": {"runtime": 9}}