{"eval/mae": 0.10276194749509587, "eval/esr": 0.826923322151689, "eval/dc": 0.00026777164657687536, "eval/mrstft": 0.8646763493033016, "eval/rtf": 0.0017428952205882347, "_timestamp": 1701151251.8788433, "_runtime": 12.131568193435669, "_step": 0, "_wandb": {"runtime": 11}}