{"eval/mae": 0.17235643404495457, "eval/esr": 2.2174071425545043, "eval/dc": 0.00011335047525760218, "eval/mrstft": 1.031090941981993, "eval/rtf": 0.0013596583406636626, "_timestamp": 1711305552.4084518, "_runtime": 12.958549737930298, "_step": 0, "_wandb": {"runtime": 12}}