{"train/learning_rate": 1.0000000000000002e-07, "_timestamp": 1701313768.8274755, "train/loss_train": 0.723602228304919, "train/loss_valid": 0.827162437579211, "_runtime": 50104.41540646553, "_step": 336}