{"eval/mae": 0.08545338176190853, "eval/esr": 0.716783944517374, "eval/dc": 0.00014047300510355853, "eval/mrstft": 0.7388318106532097, "eval/rtf": 0.018016718750000004, "_timestamp": 1711302480.9141834, "_runtime": 9.861943483352661, "_step": 0, "_wandb": {"runtime": 9}}