{"eval/mae": 0.17825660109519958, "eval/esr": 1.096797227859497, "eval/dc": 0.0005217104917392135, "eval/mrstft": 2.018655776977539, "eval/rtf": 0.2228595, "_timestamp": 1711302997.2203083, "_runtime": 8.15582537651062, "_step": 0, "_wandb": {"runtime": 7}}