{"eval/mae": 0.21145432628691196, "eval/esr": 2.9385862946510315, "eval/dc": 0.0004521606406342471, "eval/mrstft": 1.0265612080693245, "eval/rtf": 0.0051858515625, "_timestamp": 1709304644.4631355, "_runtime": 17.46504855155945, "_step": 0, "_wandb": {"runtime": 16}}