{"eval/mae": 0.11404430400580168, "eval/esr": 1.0575211867690086, "eval/dc": 1.4259646832215367e-05, "eval/mrstft": 1.0804413259029388, "eval/rtf": 0.005280546875000001, "_timestamp": 1709304735.65822, "_runtime": 19.82047700881958, "_step": 0, "_wandb": {"runtime": 19}}