{"eval/mae": 0.04757006050032728, "eval/esr": 0.36816249437191906, "eval/dc": 4.305283576232956e-05, "eval/mrstft": 0.5617146439412061, "eval/rtf": 0.0005228033088235295, "_timestamp": 1708970983.0400813, "_runtime": 3.6896462440490723, "_step": 0, "_wandb": {"runtime": 2}}