{"eval/mae": 0.12667738273739815, "eval/esr": 1.1697893791338976, "eval/dc": 5.9244907574526116e-05, "eval/mrstft": 1.8785148894085604, "eval/rtf": 0.005338224264705881, "_timestamp": 1708971732.5018544, "_runtime": 12.25710153579712, "_step": 0, "_wandb": {"runtime": 11}}