{"eval/mae": 0.12367169186472893, "eval/esr": 1.408388078212738, "eval/dc": 0.0001189738013636088, "eval/mrstft": 0.9903624206781387, "eval/rtf": 0.05501353125, "_timestamp": 1711303067.0017273, "_runtime": 12.001341342926025, "_step": 0, "_wandb": {"runtime": 11}}