{"eval/mae": 0.15378521404722156, "eval/esr": 1.8333177636651432, "eval/dc": 6.270138571969309e-05, "eval/mrstft": 0.9858368915670058, "eval/rtf": 0.0004061544117647058, "_timestamp": 1708971781.226333, "_runtime": 2.3256537914276123, "_step": 0, "_wandb": {"runtime": 1}}