{"eval/mae": 0.08878077415452487, "eval/esr": 0.8151151754933855, "eval/dc": 0.0006310880001536503, "eval/mrstft": 0.8268224614253943, "eval/rtf": 0.002055036231884058, "_timestamp": 1701151027.9977796, "_runtime": 28.840187549591064, "_step": 0, "_wandb": {"runtime": 28}}