{"eval/mae": 0.19277063012123108, "eval/esr": 1.402306318283081, "eval/dc": 0.00012413880904205143, "eval/mrstft": 1.6057920455932617, "eval/rtf": 0.158892, "_timestamp": 1711302561.717755, "_runtime": 7.916939973831177, "_step": 0, "_wandb": {"runtime": 7}}