{"eval/mae": 0.17825660109519958, "eval/esr": 1.096797227859497, "eval/dc": 0.0005217104917392135, "eval/mrstft": 2.018655776977539, "eval/rtf": 0.0028042421875, "_timestamp": 1710028862.3818412, "_runtime": 4.930905103683472, "_step": 0, "_wandb": {"runtime": 4}}