{"eval/mae": 0.09643588215112686, "eval/esr": 0.7847021892666817, "eval/dc": 0.00017904404376167804, "eval/mrstft": 0.8287631347775459, "eval/rtf": 0.002329390625, "_timestamp": 1710090783.4810853, "_runtime": 9.54039740562439, "_step": 0, "_wandb": {"runtime": 8}}