{"params": 91136, "receptive_field": 67651, "_timestamp": 1711295267.556633, "_runtime": 5.076685905456543, "_step": 0, "_wandb": {"runtime": 11}}