{"eval/mae": 0.14493973553180695, "eval/esr": 0.8904000520706177, "eval/dc": 0.00032920046942308545, "eval/mrstft": 0.9478451013565063, "eval/rtf": 0.001310953125, "_timestamp": 1709016993.8433707, "_runtime": 1.8975136280059814, "_step": 0, "_wandb": {"runtime": 1}}