Model Name,Inference Time (s)
LSTM-32-4_50_8_20230813-MAE.pt,0.4585111141204834
TCN-BL_50_8_20230813-MAE.pt,0.09968209266662598
