{"idx":0,"gain":[-11.0084667206],"leq":[-14.0956792831],"loudness":[9.3155670166],"zcr":[0.025680542],"pitch":[132.7851409912],"confidence":[0.8832765818],"flatness":[0.2451536059],"hfc":[18.3188991547]}
{"idx":1,"gain":[-13.7111339569],"leq":[-13.980556488],"loudness":[9.7759637833],"zcr":[0.0455780029],"pitch":[123.8352279663],"confidence":[0.8766219616],"flatness":[0.3151180446],"hfc":[30.0779914856]}
{"idx":2,"gain":[-14.1981868744],"leq":[-13.3687648773],"loudness":[10.8800106049],"zcr":[0.0296630859],"pitch":[105.161781311],"confidence":[0.8441640735],"flatness":[0.314496994],"hfc":[31.8863105774]}
{"idx":3,"gain":[-14.6120834351],"leq":[-9.4107236862],"loudness":[20.3596286774],"zcr":[0.030090332],"pitch":[117.6245880127],"confidence":[0.8960247636],"flatness":[0.318392396],"hfc":[59.532245636]}
{"idx":4,"gain":[-12.8435230255],"leq":[-10.948964119],"loudness":[15.9311208725],"zcr":[0.0288543701],"pitch":[181.4195556641],"confidence":[0.879420042],"flatness":[0.2812369466],"hfc":[34.9790992737]}
{"idx":5,"gain":[-12.7095603943],"leq":[-13.8745479584],"loudness":[9.6674156189],"zcr":[0.0202331543],"pitch":[109.0479736328],"confidence":[0.9387714267],"flatness":[0.2657260299],"hfc":[21.0886363983]}
{"idx":6,"gain":[-9.5351772308],"leq":[-10.2670183182],"loudness":[17.929189682],"zcr":[0.0214996338],"pitch":[230.3981781006],"confidence":[0.8849719763],"flatness":[0.3206481934],"hfc":[27.5492935181]}
{"idx":7,"gain":[-9.3590240479],"leq":[-11.3563709259],"loudness":[14.8285531998],"zcr":[0.0248413086],"pitch":[59.8531417847],"confidence":[0.8677147031],"flatness":[0.3065456152],"hfc":[23.5033435822]}
{"idx":8,"gain":[-10.0290870667],"leq":[-11.211938858],"loudness":[15.2551631927],"zcr":[0.0183563232],"pitch":[116.971282959],"confidence":[0.9174896479],"flatness":[0.3067393899],"hfc":[28.0391845703]}
{"idx":9,"gain":[-10.6710643768],"leq":[-14.2706565857],"loudness":[9.2690916061],"zcr":[0.0261535645],"pitch":[63.1482696533],"confidence":[0.8886069655],"flatness":[0.2839529514],"hfc":[19.248254776]}
{"idx":10,"gain":[-15.3533554077],"leq":[-9.73853302],"loudness":[19.3831710815],"zcr":[0.0272979736],"pitch":[238.6205444336],"confidence":[0.9150779247],"flatness":[0.3294716179],"hfc":[62.3140411377]}
{"idx":11,"gain":[-12.7642555237],"leq":[-12.3448562622],"loudness":[12.6718244553],"zcr":[0.0373077393],"pitch":[129.6751251221],"confidence":[0.862632215],"flatness":[0.3151784837],"hfc":[32.4840774536]}
{"idx":12,"gain":[-11.8546104431],"leq":[-10.0223932266],"loudness":[18.722360611],"zcr":[0.0234680176],"pitch":[147.3564605713],"confidence":[0.8532470465],"flatness":[0.3164404929],"hfc":[38.6048583984]}
{"idx":13,"gain":[-10.4545783997],"leq":[-9.8012218475],"loudness":[19.1637611389],"zcr":[0.0209960938],"pitch":[109.9174041748],"confidence":[0.8387833238],"flatness":[0.3080222309],"hfc":[38.16147995]}
{"idx":14,"gain":[-13.1550502777],"leq":[-13.3405284882],"loudness":[10.8299560547],"zcr":[0.0265045166],"pitch":[118.31199646],"confidence":[0.8700172901],"flatness":[0.2965376377],"hfc":[25.126871109]}
{"idx":15,"gain":[-9.7205905914],"leq":[-9.2408666611],"loudness":[20.2557353973],"zcr":[0.0301055908],"pitch":[77.3634185791],"confidence":[0.8089470863],"flatness":[0.3044083714],"hfc":[31.3813228607]}
{"idx":16,"gain":[-10.2537212372],"leq":[-9.4974327087],"loudness":[19.7676639557],"zcr":[0.0190734863],"pitch":[93.740852356],"confidence":[0.8821871877],"flatness":[0.3125004172],"hfc":[35.8068313599]}
{"idx":17,"gain":[-12.7883167267],"leq":[-12.3584852219],"loudness":[12.0030908585],"zcr":[0.0184631348],"pitch":[77.5671691895],"confidence":[0.9409492612],"flatness":[0.3065899014],"hfc":[24.0518531799]}
{"idx":18,"gain":[-11.5229873657],"leq":[-10.2534599304],"loudness":[17.4949455261],"zcr":[0.0210418701],"pitch":[103.9660797119],"confidence":[0.9084898829],"flatness":[0.32825014],"hfc":[37.3430252075]}
{"idx":19,"gain":[-11.072769165],"leq":[-11.9973554611],"loudness":[13.2940320969],"zcr":[0.0334320068],"pitch":[80.6025695801],"confidence":[0.8354716301],"flatness":[0.2769615352],"hfc":[27.1018981934]}
{"idx":20,"gain":[-12.1238174438],"leq":[-7.4919452667],"loudness":[27.6437244415],"zcr":[0.0234832764],"pitch":[107.4378509521],"confidence":[0.8873551488],"flatness":[0.3122441173],"hfc":[62.0485343933]}
{"idx":21,"gain":[-17.201499939],"leq":[-5.0872554779],"loudness":[38.9320144653],"zcr":[0.0131225586],"pitch":[122.7591781616],"confidence":[0.8496034741],"flatness":[0.2665763199],"hfc":[135.8535461426]}
{"idx":22,"gain":[-12.0045146942],"leq":[-10.4766283035],"loudness":[17.3343582153],"zcr":[0.0215911865],"pitch":[88.5984802246],"confidence":[0.9244868159],"flatness":[0.3177624345],"hfc":[39.6488723755]}
{"idx":23,"gain":[-14.001083374],"leq":[-10.9562387466],"loudness":[16.0417041779],"zcr":[0.0324707031],"pitch":[65.1460113525],"confidence":[0.8746321201],"flatness":[0.3081582785],"hfc":[46.7086029053]}
{"idx":24,"gain":[-13.5674514771],"leq":[-12.1832838058],"loudness":[12.6892728806],"zcr":[0.0210876465],"pitch":[83.7405776978],"confidence":[0.9234040976],"flatness":[0.2946055532],"hfc":[32.4468994141]}
{"idx":25,"gain":[-18.7434272766],"leq":[-6.4267148972],"loudness":[31.9377784729],"zcr":[0.0182800293],"pitch":[172.9175109863],"confidence":[0.8765507936],"flatness":[0.2868039906],"hfc":[138.7279815674]}
{"idx":26,"gain":[-14.1277561188],"leq":[-11.8088779449],"loudness":[13.7145195007],"zcr":[0.0439605713],"pitch":[189.5944824219],"confidence":[0.8552794456],"flatness":[0.3017961085],"hfc":[36.4280319214]}
{"idx":27,"gain":[-16.4317836761],"leq":[-11.2750768661],"loudness":[14.7454690933],"zcr":[0.0386352539],"pitch":[177.4739227295],"confidence":[0.8929175138],"flatness":[0.3072991371],"hfc":[56.0379371643]}
{"idx":28,"gain":[-11.7816333771],"leq":[-12.98229599],"loudness":[11.2896614075],"zcr":[0.0278930664],"pitch":[156.3794555664],"confidence":[0.8329424262],"flatness":[0.2878241241],"hfc":[22.355714798]}
{"idx":29,"gain":[-12.1450634003],"leq":[-11.9009599686],"loudness":[13.301738739],"zcr":[0.0303344727],"pitch":[142.9808502197],"confidence":[0.8307412267],"flatness":[0.2763312757],"hfc":[29.5581569672]}
{"idx":30,"gain":[-9.4370670319],"leq":[-10.6639146805],"loudness":[16.7112979889],"zcr":[0.017364502],"pitch":[55.0039176941],"confidence":[0.850225091],"flatness":[0.3243257701],"hfc":[26.8827285767]}
{"idx":31,"gain":[-15.0032348633],"leq":[-11.3463020325],"loudness":[14.9296426773],"zcr":[0.0357971191],"pitch":[99.8095550537],"confidence":[0.845888257],"flatness":[0.2905446291],"hfc":[46.5259971619]}
{"idx":32,"gain":[-13.728099823],"leq":[-14.9203157425],"loudness":[7.9640369415],"zcr":[0.0313110352],"pitch":[130.090713501],"confidence":[0.8465514779],"flatness":[0.2806341052],"hfc":[17.5725784302]}
{"idx":33,"gain":[-15.783826828],"leq":[-14.959654808],"loudness":[7.7939610481],"zcr":[0.0431671143],"pitch":[136.5507659912],"confidence":[0.9128161669],"flatness":[0.2803260982],"hfc":[25.4141731262]}
{"idx":34,"gain":[-15.6522293091],"leq":[-14.0615234375],"loudness":[9.2096138],"zcr":[0.0817718506],"pitch":[298.1267089844],"confidence":[0.8908796906],"flatness":[0.2544299662],"hfc":[67.2490768433]}
{"idx":35,"gain":[-15.271396637],"leq":[-14.2809047699],"loudness":[9.0095443726],"zcr":[0.0988769531],"pitch":[395.4526367188],"confidence":[0.8076173663],"flatness":[0.2234041691],"hfc":[55.75522995]}
{"idx":36,"gain":[-18.0375671387],"leq":[-14.222618103],"loudness":[8.7510919571],"zcr":[0.0860748291],"pitch":[434.0791320801],"confidence":[0.7841427922],"flatness":[0.2364972085],"hfc":[54.0024490356]}
{"idx":37,"gain":[-15.0228595734],"leq":[-13.2659292221],"loudness":[10.8028640747],"zcr":[0.1307373047],"pitch":[363.2705383301],"confidence":[0.838558197],"flatness":[0.2019533366],"hfc":[101.8511428833]}
{"idx":38,"gain":[-13.3428192139],"leq":[-11.2633152008],"loudness":[14.3115415573],"zcr":[0.018447876],"pitch":[238.5826873779],"confidence":[0.7842146754],"flatness":[0.2883913815],"hfc":[33.892791748]}
{"idx":39,