{"eval/mae": 0.10448774552958853, "eval/esr": 0.8896853275158826, "eval/dc": 6.544594414074655e-05, "eval/mrstft": 0.9992209427496966, "eval/rtf": 0.009325351102941179, "_timestamp": 1701151573.5898037, "_runtime": 24.607300758361816, "_step": 0, "_wandb": {"runtime": 23}}