{"eval/mae": 0.1645546704530716, "eval/esr": 1.0585660934448242, "eval/dc": 0.000293502991553396, "eval/mrstft": 2.085503101348877, "eval/rtf": 0.114323, "_timestamp": 1711303086.9090989, "_runtime": 8.818737745285034, "_step": 0, "_wandb": {"runtime": 8}}