{"eval/mae": 0.19277042627800256, "eval/esr": 1.4023032505065203, "eval/dc": 0.00012417154479857362, "eval/mrstft": 1.545374502427876, "eval/rtf": 0.0036442133659875253, "_timestamp": 1711305186.9202125, "_runtime": 8.851235389709473, "_step": 0, "_wandb": {"runtime": 8}}