{"eval/mae": 0.13840942364186049, "eval/esr": 1.5256970524787903, "eval/dc": 9.410104848939227e-05, "eval/mrstft": 0.9914853647351265, "eval/rtf": 0.09295511523437501, "_timestamp": 1710547261.5060139, "_runtime": 114.14722084999084, "_step": 0, "_wandb": {"runtime": 113}}