{"eval/mae": 0.1927706153364852, "eval/esr": 1.4023063608910888, "eval/dc": 0.00012413890833523622, "eval/mrstft": 1.5457026027143002, "eval/rtf": 0.46599664584391576, "_timestamp": 1711305874.3175437, "_runtime": 97.03487968444824, "_step": 0, "_wandb": {"runtime": 96}}