{"params": 91136, "receptive_field": 67651, "_timestamp": 1711295630.36603, "_runtime": 5.384375095367432, "_step": 0, "_wandb": {"runtime": 11}}