{"eval/mae": 0.21481521427631378, "eval/esr": 1.8914713859558105, "eval/dc": 4.983240069122985e-05, "eval/mrstft": 1.621167540550232, "eval/rtf": 0.001010046875, "_timestamp": 1709017039.0910847, "_runtime": 1.8970577716827393, "_step": 0, "_wandb": {"runtime": 1}}