{"eval/mae": 0.05319389153052779, "eval/esr": 0.4090638765517403, "eval/dc": 5.814684078252278e-05, "eval/mrstft": 0.5608638437355266, "eval/rtf": 0.0016092095588235297, "_timestamp": 1701802309.158157, "_runtime": 23.035160064697266, "_step": 0, "_wandb": {"runtime": 22}}