{"eval/mae": 0.11404430400580168, "eval/esr": 1.0575211867690086, "eval/dc": 1.4259646832215367e-05, "eval/mrstft": 1.0804413259029388, "eval/rtf": 0.005679345703125, "_timestamp": 1710028988.2753017, "_runtime": 19.55646777153015, "_step": 0, "_wandb": {"runtime": 18}}