{"eval/mae": 0.08686407655477524, "eval/esr": 0.3553292751312256, "eval/dc": 0.00012555147986859083, "eval/mrstft": 1.1299422979354858, "eval/rtf": 0.23273429449182004, "_timestamp": 1711307827.810875, "_runtime": 9.510787010192871, "_step": 0, "_wandb": {"runtime": 8}}