{"eval/mae": 0.10377036593854427, "eval/esr": 1.0549777746200562, "eval/dc": 0.0001316055213465006, "eval/mrstft": 0.928846687078476, "eval/rtf": 0.016409968688094523, "_timestamp": 1711307723.9056046, "_runtime": 9.901054620742798, "_step": 0, "_wandb": {"runtime": 9}}