{"train/learning_rate": 0.001, "_timestamp": 1701160272.282549, "train/loss_train": 0.8276386716786552, "train/loss_valid": 0.8652265492607566, "_runtime": 6549.416689872742, "_step": 29}