{"eval/mae": 0.19277063012123108, "eval/esr": 1.402306318283081, "eval/dc": 0.00012413880904205143, "eval/mrstft": 1.6057920455932617, "eval/rtf": 0.17357616394292563, "_timestamp": 1711307522.9175236, "_runtime": 8.132389545440674, "_step": 0, "_wandb": {"runtime": 7}}