{"eval/mae": 0.053194677566780764, "eval/esr": 0.40906090070219603, "eval/dc": 5.816822195971754e-05, "eval/mrstft": 0.5600012207732481, "eval/rtf": 0.0005229338235294118, "_timestamp": 1708971100.9115963, "_runtime": 3.665830373764038, "_step": 0, "_wandb": {"runtime": 2}}