{"eval/mae": 0.08545338176190853, "eval/esr": 0.716783944517374, "eval/dc": 0.00014047300510355853, "eval/mrstft": 0.7388318106532097, "eval/rtf": 0.001056134765625, "_timestamp": 1710090397.3762615, "_runtime": 10.170390367507935, "_step": 0, "_wandb": {"runtime": 9}}