{"eval/mae": 0.18339793384075165, "eval/esr": 1.2113356590270996, "eval/dc": 0.0003555172588676214, "eval/mrstft": 1.9251608848571777, "eval/rtf": 0.15831030544359237, "_timestamp": 1711307703.220199, "_runtime": 8.227034091949463, "_step": 0, "_wandb": {"runtime": 7}}