{"eval/mae": 0.21260862052440643, "eval/esr": 1.8464555740356445, "eval/dc": 0.00014857844507787377, "eval/mrstft": 1.6155515909194946, "eval/rtf": 0.059627296875, "_timestamp": 1710548810.011731, "_runtime": 32.965062856674194, "_step": 0, "_wandb": {"runtime": 32}}