{"eval/mae": 0.17825660109519958, "eval/esr": 1.096797227859497, "eval/dc": 0.0005217104917392135, "eval/mrstft": 2.018655776977539, "eval/rtf": 0.11699581844732165, "_timestamp": 1711307566.6152108, "_runtime": 8.130558729171753, "_step": 0, "_wandb": {"runtime": 7}}