{"eval/mae": 0.16073773242533207, "eval/esr": 1.8253062218427658, "eval/dc": 8.14564477877866e-05, "eval/mrstft": 0.9683596566319466, "eval/rtf": 0.147625966796875, "_timestamp": 1710548765.221962, "_runtime": 144.20252299308777, "_step": 0, "_wandb": {"runtime": 143}}