{"eval/mae": 0.08686407655477524, "eval/esr": 0.3553292751312256, "eval/dc": 0.00012555147986859083, "eval/mrstft": 1.1299422979354858, "eval/rtf": 0.0057417734375, "_timestamp": 1710029117.972194, "_runtime": 5.56993293762207, "_step": 0, "_wandb": {"runtime": 4}}