{"eval/mae": 0.19277042627800256, "eval/esr": 1.4023032505065203, "eval/dc": 0.00012417154479857362, "eval/mrstft": 1.545374502427876, "eval/rtf": 0.003959923209549743, "_timestamp": 1711305582.7185717, "_runtime": 9.20913577079773, "_step": 0, "_wandb": {"runtime": 8}}