{"eval/mae": 0.21145432628691196, "eval/esr": 2.9385862946510315, "eval/dc": 0.0004521606406342471, "eval/mrstft": 1.0265612080693245, "eval/rtf": 0.0580278125, "_timestamp": 1711302629.5062969, "_runtime": 13.338597774505615, "_step": 0, "_wandb": {"runtime": 12}}