{"eval/mae": 0.20966398996719415, "eval/esr": 2.9558231260465537, "eval/dc": 8.19851311165542e-05, "eval/mrstft": 0.9072375219801198, "eval/rtf": 0.017065367753623186, "_timestamp": 1701934361.234026, "_runtime": 69.01275300979614, "_step": 0, "_wandb": {"runtime": 68}}