{"eval/mae": 0.10377036593854427, "eval/esr": 1.0549777746200562, "eval/dc": 0.0001316055213465006, "eval/mrstft": 0.928846687078476, "eval/rtf": 0.001081748046875, "_timestamp": 1709304773.2494388, "_runtime": 9.313384771347046, "_step": 0, "_wandb": {"runtime": 8}}