{"eval/mae": 0.18339793384075165, "eval/esr": 1.2113356590270996, "eval/dc": 0.0003555172588676214, "eval/mrstft": 1.9251608848571777, "eval/rtf": 0.0030820078125, "_timestamp": 1710029004.493999, "_runtime": 3.834597110748291, "_step": 0, "_wandb": {"runtime": 3}}