{"eval/mae": 0.04523780399604755, "eval/esr": 0.3767865135827485, "eval/dc": 6.571896094823494e-05, "eval/mrstft": 0.45242569990017834, "eval/rtf": 0.0017101452205882358, "_timestamp": 1701151226.9889374, "_runtime": 15.709312438964844, "_step": 0, "_wandb": {"runtime": 15}}