{"eval/mae": 0.10124771713333972, "eval/esr": 0.8965763265595716, "eval/dc": 5.3282562235193944e-05, "eval/mrstft": 0.9318136222222272, "eval/rtf": 0.0018073915441176472, "_timestamp": 1701151303.2596118, "_runtime": 11.69006085395813, "_step": 0, "_wandb": {"runtime": 11}}