{"eval/mae": 0.08686407655477524, "eval/esr": 0.355329304933548, "eval/dc": 0.00012555152352433652, "eval/mrstft": 1.1299420595169067, "eval/rtf": 0.060995890625, "_timestamp": 1710549049.190086, "_runtime": 49.10343098640442, "_step": 0, "_wandb": {"runtime": 48}}