{"eval/mae": 0.09643588215112686, "eval/esr": 0.7847021892666817, "eval/dc": 0.00017904404376167804, "eval/mrstft": 0.8287631347775459, "eval/rtf": 0.0016001640625, "_timestamp": 1710029139.3686318, "_runtime": 8.769179821014404, "_step": 0, "_wandb": {"runtime": 8}}