{"eval/mae": 0.1726274937391281, "eval/esr": 2.2037825733423233, "eval/dc": 0.00011879628755195881, "eval/mrstft": 1.0221611261367798, "eval/rtf": 0.026129557503736578, "_timestamp": 1711304883.5080483, "_runtime": 10.613053321838379, "_step": 0, "_wandb": {"runtime": 10}}