{"idx":0,"gain":[-10.4369926453],"leq":[-12.0976085663],"loudness":[13.243314743],"zcr":[0.0353393555],"pitch":[70.1480560303],"confidence":[0.8992592692],"flatness":[0.2743827105],"hfc":[20.4871387482]}
{"idx":1,"gain":[-12.9249248505],"leq":[-14.6630744934],"loudness":[8.9103355408],"zcr":[0.0797271729],"pitch":[395.1921691895],"confidence":[0.7722568512],"flatness":[0.2936804593],"hfc":[21.6100559235]}
{"idx":2,"gain":[-11.1344528198],"leq":[-16.62225914],"loudness":[6.6133542061],"zcr":[0.0516967773],"pitch":[89.3247680664],"confidence":[0.8064429164],"flatness":[0.2640138268],"hfc":[15.7359056473]}
{"idx":3,"gain":[-13.945602417],"leq":[-12.6799688339],"loudness":[12.1997461319],"zcr":[0.0645446777],"pitch":[95.2591705322],"confidence":[0.8553531766],"flatness":[0.2877629101],"hfc":[30.1177177429]}
{"idx":4,"gain":[-13.7301006317],"leq":[-14.5696592331],"loudness":[8.9910974503],"zcr":[0.0885620117],"pitch":[96.4726638794],"confidence":[0.8279984593],"flatness":[0.263050884],"hfc":[27.9895191193]}
{"idx":5,"gain":[-14.7638435364],"leq":[-13.9328746796],"loudness":[9.9003973007],"zcr":[0.1007080078],"pitch":[370.121673584],"confidence":[0.765401423],"flatness":[0.2623673379],"hfc":[28.3461551666]}
{"idx":6,"gain":[-7.0314292908],"leq":[-13.9622764587],"loudness":[10.1016263962],"zcr":[0.0304870605],"pitch":[553.9805297852],"confidence":[0.811090529],"flatness":[0.3229862452],"hfc":[11.7082042694]}
{"idx":7,"gain":[-5.5867767334],"leq":[-12.7935743332],"loudness":[12.1893529892],"zcr":[0.0339813232],"pitch":[737.2731323242],"confidence":[0.7672300339],"flatness":[0.2934985757],"hfc":[12.6235103607]}
{"idx":8,"gain":[-9.9920940399],"leq":[-13.1857185364],"loudness":[11.5241260529],"zcr":[0.0410461426],"pitch":[196.9477386475],"confidence":[0.8652197719],"flatness":[0.2916117609],"hfc":[21.0300712585]}
{"idx":9,"gain":[-11.3595218658],"leq":[-15.6677627563],"loudness":[7.6866073608],"zcr":[0.0678863525],"pitch":[68.8249664307],"confidence":[0.829834342],"flatness":[0.2816382647],"hfc":[17.3293819427]}
{"idx":10,"gain":[-15.1799221039],"leq":[-15.0519733429],"loudness":[8.0349779129],"zcr":[0.0569915771],"pitch":[173.0332641602],"confidence":[0.8651136756],"flatness":[0.289405942],"hfc":[24.7848758698]}
{"idx":11,"gain":[-12.0631599426],"leq":[-14.1450595856],"loudness":[9.7472019196],"zcr":[0.0574188232],"pitch":[251.4033203125],"confidence":[0.8506105542],"flatness":[0.277092129],"hfc":[24.744846344]}
{"idx":12,"gain":[-13.3249015808],"leq":[-12.9474124908],"loudness":[11.7666215897],"zcr":[0.0441741943],"pitch":[328.5987548828],"confidence":[0.7843775749],"flatness":[0.2877148092],"hfc":[31.0785140991]}
{"idx":13,"gain":[-9.9833431244],"leq":[-14.6462774277],"loudness":[8.9883966446],"zcr":[0.0509490967],"pitch":[598.1033935547],"confidence":[0.7690646648],"flatness":[0.2373267561],"hfc":[18.2114639282]}
{"idx":14,"gain":[-11.6538829803],"leq":[-12.0168685913],"loudness":[13.7394104004],"zcr":[0.0400238037],"pitch":[147.9102325439],"confidence":[0.8720690012],"flatness":[0.301030308],"hfc":[27.9017715454]}
{"idx":15,"gain":[-10.0431194305],"leq":[-14.651014328],"loudness":[8.7563018799],"zcr":[0.0663146973],"pitch":[387.9664306641],"confidence":[0.7556895018],"flatness":[0.3006732166],"hfc":[13.4726829529]}
{"idx":16,"gain":[-6.8421459198],"leq":[-14.7285661697],"loudness":[8.9543075562],"zcr":[0.0926208496],"pitch":[272.3709106445],"confidence":[0.7908396125],"flatness":[0.2891587913],"hfc":[10.194644928]}
{"idx":17,"gain":[-8.4546070099],"leq":[-13.4714365005],"loudness":[10.7365341187],"zcr":[0.0291442871],"pitch":[223.8863372803],"confidence":[0.7472490668],"flatness":[0.3000011742],"hfc":[13.8851985931]}
{"idx":18,"gain":[-8.0983867645],"leq":[-12.2118396759],"loudness":[13.2889289856],"zcr":[0.0436248779],"pitch":[860.5823974609],"confidence":[0.7832984924],"flatness":[0.2657162845],"hfc":[20.485704422]}
{"idx":19,"gain":[-10.043838501],"leq":[-15.1213722229],"loudness":[8.4178524017],"zcr":[0.0698394775],"pitch":[513.6217041016],"confidence":[0.7492286563],"flatness":[0.2853564322],"hfc":[16.4376926422]}
{"idx":20,"gain":[-8.8204727173],"leq":[-14.9619293213],"loudness":[8.5243597031],"zcr":[0.058013916],"pitch":[287.583404541],"confidence":[0.7631435394],"flatness":[0.3202913105],"hfc":[11.4548635483]}
{"idx":21,"gain":[-12.680141449],"leq":[-12.97423172],"loudness":[11.3039884567],"zcr":[0.0439605713],"pitch":[537.264465332],"confidence":[0.7391214371],"flatness":[0.2842093408],"hfc":[24.4534416199]}
{"idx":22,"gain":[-9.8712043762],"leq":[-12.9057731628],"loudness":[11.7731227875],"zcr":[0.0678253174],"pitch":[69.1973419189],"confidence":[0.8814312816],"flatness":[0.2657016516],"hfc":[18.6989974976]}
{"idx":23,"gain":[-8.6876449585],"leq":[-15.3004131317],"loudness":[8.3242492676],"zcr":[0.0686035156],"pitch":[56.9918174744],"confidence":[0.841501236],"flatness":[0.3240425587],"hfc":[14.193154335]}
{"idx":24,"gain":[-10.2529811859],"leq":[-13.3179035187],"loudness":[11.0217170715],"zcr":[0.0512237549],"pitch":[162.160446167],"confidence":[0.7768582702],"flatness":[0.3061116338],"hfc":[16.1143455505]}
{"idx":25,"gain":[-14.7031211853],"leq":[-11.2041893005],"loudness":[15.5178413391],"zcr":[0.0837860107],"pitch":[328.5657958984],"confidence":[0.777790904],"flatness":[0.2764139473],"hfc":[49.0527915955]}
{"idx":26,"gain":[-10.8958435059],"leq":[-13.2190141678],"loudness":[11.3347225189],"zcr":[0.0350799561],"pitch":[791.6344604492],"confidence":[0.7871959805],"flatness":[0.293764472],"hfc":[22.9446563721]}
{"idx":27,"gain":[-15.1065292358],"leq":[-13.7921800613],"loudness":[10.1873111725],"zcr":[0.1296844482],"pitch":[279.5350952148],"confidence":[0.7782333493],"flatness":[0.2715344131],"hfc":[38.8480033875]}
{"idx":28,"gain":[-7.9900226593],"leq":[-16.3138980865],"loudness":[6.9877858162],"zcr":[0.0441894531],"pitch":[46.7469406128],"confidence":[0.8825153112],"flatness":[0.3119611144],"hfc":[10.8773822784]}
{"idx":29,"gain":[-9.1601448059],"leq":[-11.8333444595],"loudness":[13.6633634567],"zcr":[0.047164917],"pitch":[259.697052002],"confidence":[0.7648553252],"flatness":[0.3310632408],"hfc":[19.2150840759]}
{"idx":30,"gain":[-5.2789211273],"leq":[-15.479473114],"loudness":[8.0291414261],"zcr":[0.0628662109],"pitch":[49.1022605896],"confidence":[0.8067745566],"flatness":[0.2716021836],"hfc":[9.0512895584]}
{"idx":31,"gain":[-12.9059753418],"leq":[-12.4037179947],"loudness":[12.9710588455],"zcr":[0.0433807373],"pitch":[886.0339355469],"confidence":[0.7962990999],"flatness":[0.2777028382],"hfc":[35.3513832092]}
{"idx":32,"gain":[-12.8789672852],"leq":[-13.7686910629],"loudness":[10.0140628815],"zcr":[0.0392150879],"pitch":[183.104309082],"confidence":[0.7592101693],"flatness":[0.2906447649],"hfc":[22.9476947784]}
{"idx":33,"gain":[-14.4266262054],"leq":[-14.5073299408],"loudness":[8.8886117935],"zcr":[0.0431671143],"pitch":[184.9434661865],"confidence":[0.7651292682],"flatness":[0.3220308721],"hfc":[24.9035243988]}
{"idx":34,"gain":[-18.5235481262],"leq":[-11.2552347183],"loudness":[14.8249435425],"zcr":[0.0577392578],"pitch":[481.8961486816],"confidence":[0.774256587],"flatness":[0.320458591],"hfc":[84.5182723999]}
{"idx":35,"gain":[-13.7500858307],"leq":[-17.9377117157],"loudness":[4.8989224434],"zcr":[0.0678710938],"pitch":[257.9491882324],"confidence":[0.7810970545],"flatness":[0.2672873735],"hfc":[32.0579910278]}
{"idx":36,"gain":[-15.2416381836],"leq":[-15.4372806549],"loudness":[7.6908164024],"zcr":[0.0808410645],"pitch":[801.4688720703],"confidence":[0.7702180147],"flatness":[0.2516334951],"hfc":[45.8388671875]}
{"idx":37,"gain":[-10.8785629272],"leq":[-20.9644012451],"loudness":[3.0151700974],"zcr":[0.1142272949],"pitch":[414.6293334961],"confidence":[0.7858870625],"flatness":[0.3110456169],"hfc":[25.2663402557]}
{"idx":38,"gain":[-12.3589038849],"leq":[-13.2796363831],"loudness":[10.7839422226],"zcr":[0.0584106445],"pitch":[160.2264709473],"confidence":[0.7335700393],"flatness":[0.2986609638],"hfc":[20.87840271]}
{"idx":39,