{"eval/mae": 0.21844633096370145, "eval/esr": 3.025558640991432, "eval/dc": 0.05354801803638322, "eval/mrstft": 1.2687226067418638, "eval/rtf": 0.010711628623188408, "_timestamp": 1708971166.2855644, "_runtime": 43.008373498916626, "_step": 0, "_wandb": {"runtime": 42}}