{"eval/mae": 0.11828089877963066, "eval/esr": 1.1570883393287659, "eval/dc": 0.0002104726772813592, "eval/mrstft": 1.4271463006734848, "eval/rtf": 0.0038486132812499997, "_timestamp": 1710028843.985305, "_runtime": 12.488744020462036, "_step": 0, "_wandb": {"runtime": 11}}