{"eval/mae": 0.21145393885672092, "eval/esr": 2.9385592937469482, "eval/dc": 0.0004520091024460271, "eval/mrstft": 1.0265977904200554, "eval/rtf": 0.46571283007812503, "_timestamp": 1710873097.34235, "_runtime": 294.44630694389343, "_step": 0, "_wandb": {"runtime": 293}}