{"eval/mae": 0.1782568246126175, "eval/esr": 1.0968025922775269, "eval/dc": 0.0005215671844780445, "eval/mrstft": 2.0186116695404053, "eval/rtf": 0.0332795390625, "_timestamp": 1710872791.659173, "_runtime": 27.210259914398193, "_step": 0, "_wandb": {"runtime": 26}}