{"eval/mae": 0.06717769385260694, "eval/esr": 0.6356768835993374, "eval/dc": 5.2815285070049436e-05, "eval/mrstft": 0.5726414182606865, "eval/rtf": 0.0015928970588235292, "_timestamp": 1701802121.132019, "_runtime": 22.696177005767822, "_step": 0, "_wandb": {"runtime": 22}}