{"eval/mae": 0.09643588960170746, "eval/esr": 0.7847022712230682, "eval/dc": 0.00017904220476339106, "eval/mrstft": 0.828767940402031, "eval/rtf": 0.278450916015625, "_timestamp": 1710549269.721303, "_runtime": 208.73422408103943, "_step": 0, "_wandb": {"runtime": 208}}