{"eval/mae": 0.21145432628691196, "eval/esr": 2.9385862946510315, "eval/dc": 0.0004521606406342471, "eval/mrstft": 1.0265612080693245, "eval/rtf": 0.00515203125, "_timestamp": 1710090522.6728103, "_runtime": 17.716707229614258, "_step": 0, "_wandb": {"runtime": 17}}