{"eval/mae": 0.11404430400580168, "eval/esr": 1.0575211867690086, "eval/dc": 1.4259646832215367e-05, "eval/mrstft": 1.0804413259029388, "eval/rtf": 0.0085616171875, "_timestamp": 1710090619.8665335, "_runtime": 23.01122260093689, "_step": 0, "_wandb": {"runtime": 22}}