{"eval/mae": 0.1782568246126175, "eval/esr": 1.0968025922775269, "eval/dc": 0.0005215671844780445, "eval/mrstft": 2.0186116695404053, "eval/rtf": 0.042048359375, "_timestamp": 1710547606.003009, "_runtime": 54.15857911109924, "_step": 0, "_wandb": {"runtime": 48}}