{"eval/mae": 0.09723185550640612, "eval/esr": 0.7912138192092671, "eval/dc": 6.5989662115338e-05, "eval/mrstft": 0.9263169011648964, "eval/rtf": 0.003266345588235294, "_timestamp": 1701110377.547647, "_runtime": 32.54283595085144, "_step": 0, "_wandb": {"runtime": 31}}